AdjHeight,grazing,tree,forb,graminoid,bryophyte,lichen,soil,duff,rock,water,richness,temperature,season,active layer,permafrost,precipitation,fire,VPD-May,VPD_Aug,radiation_May,radiation_Aug
7.036508369,50,0,17,35,35,13,7,4,0,0,13,-4.5999999,143,54.9399986,87,405,0,5.5,10,17.9897461,12.0386429
5.43455785,95,0,13,11,25,35,2,1,0.01,0,20,-5,141,70.1999969,88,379,0,5.6999998,10.3000002,17.9249401,12.0463781
5.58,50,0,3,70,11,15,0,1,0,5,15,-4.3000002,145,54.9399986,87,382,0,5.5999999,10.1999998,18.0070038,12.0660906
4.145680544,50,0,80,1,2,15,30,3,5,0,19,-4.4000001,145,54.9399986,87,407,0,5.5,9.8000002,17.9530773,12.008604
4.832700744,50,0,18,15,15,25,10,15,1,5,15,-4.5,145,54.9399986,87,439,0,5.5999999,9.8999996,18.0677929,12.0496893
6.411771909,50,0,11,60,11,12.5,2,2.5,0,3.5,18,-4.1999998,146,54.9399986,87,378,0,5.5999999,10.1000004,18.0608311,12.0794506
7.706501678,50,0,25,38,17,22,0.01,4,0,1.5,18,-4.6999998,144,70.1999969,88,369,0,5.6999998,10.3999996,18.0393887,12.101923
5.198752718,50,0,1,80,10,4,0,1,0,0.01,17,-4.3000002,146,54.9399986,87,382,0,5.6999998,10.1999998,18.0779095,12.0918903
5.43054595,95,0,10,30,70,30,5,0,1,5,25,-4.9000001,143,54.9399986,87,466,0,5.4000001,9.5,18.050642,12.0077486
5.151026591,95,0,5,15,10,10,3,1,1,0.01,33,-4.5,145,70.1999969,88,390,0,5.5999999,10.1999998,18.0959415,12.0477409
6.845500124,95,0,8,50,8,17,1,3,0,0,22,-4.1999998,148,70.1999969,88,368,0,5.6999998,10.3000002,18.1157684,12.0804605
9.166015998,95,0,1,3,1,70,15,0,75,0,39,-4.8000002,143,90.9199982,29,474,0,5.3000002,9.3999996,18.0480824,12.0025883
5.545049612,95,0,1.5,3.5,0,40,4,0,70,0,33,-5,140,90.9199982,29,515,0,5.3000002,9.3999996,18.0468063,12.0000076
4.421227338,50,0,9,50,9.5,16,0.01,3.5,0,5.5,23,-4.4000001,146,70.1999969,88,378,0,5.5,10.1000004,18.0217419,12.073698
8.474348597,50,0,11,45,13,16,2,1.5,0,4.5,21,-4.1999998,146,70.1999969,88,380,0,5.5,10,18.025526,12.0668602
6.241250396,50,0,6,53,20,15,0,3,0,1,20,-5,144,70.1999969,88,365,0,5.6999998,10.3999996,18.0331478,12.0888958
7.040027868,50,0,6,60,4,2,3,5,0,3,12,-4.3000002,146,70.1999969,88,377,0,5.5999999,10.1000004,18.0231876,12.0913239
5.721162566,50,0,2,38,50,8,2,1,0,2,19,-4.6999998,145,70.1999969,88,370,0,5.8000002,10.3999996,18.0565758,12.0706739
5.220904902,50,0,5,65,7,7,1,1,0,0,22,-4.6999998,145,70.1999969,88,369,0,5.8000002,10.6000004,18.036787,12.0672626
7.919587799,95,0,6,33,4,30,1.5,2,13,1,34,-4.4000001,146,54.9399986,87,386,0,5.8000002,10.3999996,18.0342331,12.0327015
7.834948223,95,0,5,47,11,15,0,2,0,0,21,-4.8000002,146,63.2000008,78,365,0,6,10.6999998,18.048233,12.0678492
7.862310362,95,0,14,30,4.5,37,2,3,1,0,36,-4.5,146,70.1999969,88,368,0,5.8000002,10.6000004,18.0496998,12.0563316
8.381783959,95,0,1,2,1,57,0,1,70,0,37,-4.4000001,146,54.9399986,87,386,0,5.8000002,10.3999996,18.0342331,12.0327015
9.735215579,95,0,0.01,2,1,60,0.01,0.01,60,0,37,-4.4000001,146,54.9399986,87,386,0,5.8000002,10.3999996,18.0342331,12.0327015
8.069109572,95,0,0,81,10,7,0.01,1,0,1,19,-4.5999999,147,68.6500015,96,364,0,6,10.6999998,18.0488396,12.0399094
7.50417015,95,0,1,60,7,7,0,1,0,0,21,-4.5,146,70.1999969,88,364,0,5.9000001,10.6000004,18.0172977,12.0352182
7.833945943,95,0,3,65,28,17,1,3,0,2,20,-5.0999999,144,68.6500015,96,355,0,5.6999998,10.5,17.8371353,11.9407387
6.783751821,95,0,11,25,5,7,0,2,0,0,20,-5.0999999,144,68.6500015,96,355,0,5.6999998,10.6000004,17.836935,11.9403028
8.106274622,95,0,9.5,40,16,27,0,0,0,0,14,-5,145,70.1999969,88,359,0,5.8000002,10.6000004,17.895874,11.9793262
7.984845462,95,0,9,50,6,12,1,2.5,0,0,29,-5.1999998,142,70.1999969,88,353,0,6,10.6999998,17.8671322,11.9416389
8.515704921,95,0,6,45,27,12,0,2.5,0,0,14,-5,146,70.1999969,88,360,0,6,10.6999998,17.9674168,12.0064106
7.772355437,95,0,8,42,7,17,0.01,3,0,0.01,24,-4.9000001,144,70.1999969,88,354,0,6,10.6999998,17.9435692,11.99401
4.930987713,50,0,15,15,15,45,1,0.01,30,1,39,-5,141,90.9199982,29,530,0,6.1999998,9.8000002,18.153883,12.0970154
7.04468349,50,0,10,45,40,40,0,5,0,10,22,-5,142,70.1999969,88,456,0,6.4000001,10,18.1312523,12.0884781
6.965817816,50,0,2,30,20,25,0,5,0,2,18,-4.5999999,147,70.1999969,88,417,0,6.6999998,10.8999996,18.2816391,12.2157145
4.012471572,50,0,8,4,10,40,3,1,19,6,32,-4.9000001,141,90.9199982,29,544,0,6,9.6999998,18.1926136,12.1162367
5.667656563,50,0,2,12,8,27,1,2,45,0,45,-5.5,131,90.9199982,29,672,0,5.6999998,9.3000002,18.1773548,12.1070757
9.322521059,95,0,25,48,9,20,0,3,0,0.01,24,-5,144,70.1999969,88,346,0,5.9000001,10.8000002,17.848526,11.9696741
9.913691811,95,0,11,60,10,16,0.01,3,0,1,13,-5.5,142,70.1999969,88,338,0,6,10.6999998,17.7891293,11.9292946
9.218106435,95,0,15,58,12,15,0.01,0,0,0.01,18,-5,144,70.1999969,88,341,0,6.0999999,10.8000002,17.8089962,11.9332304
4.357172626,50,0,15,30,60,10,1,5,10,3,36,-5.0999999,141,90.9199982,29,522,0,6.0999999,9.6000004,18.1546593,12.0985003
7.496430268,50,0,3,30,50,35,0,3,0,3,20,-4.9000001,143,70.1999969,88,474,0,6.8000002,10.1999998,18.0758057,12.0720272
5.704624437,50,0,1,60,8,11,2,1,0,8.5,24,-5.0999999,141,90.9199982,29,542,0,6,9.5,18.0807705,12.0373936
7.376848368,50,0,2,10,0.01,75,10,5,60,0,35,-5.1999998,135,90.9199982,29,632,0,5.6999998,9.3000002,18.0698109,12.0364141
5.594809453,50,0,0,1,4,68,0,0.5,80,0.01,44,-5.0999999,141,99,5,471,0,6.5999999,10.1000004,18.0570126,12.0266914
7.446421718,50,0,10,65,15,25,1.5,1,0,14,17,-4.6999998,145,70.1999969,88,388,0,6.5999999,10.6000004,18.1813889,12.1682386
8.51867186,50,0,7,50,18,25,0,1,0,4,20,-4.4000001,148,70.1999969,88,375,0,6.5999999,10.8999996,18.2501335,12.2340221
6.856304389,50,0,25,65,15,8,0,1,0,2,18,-4.4000001,148,70.1999969,88,371,0,6.5999999,10.8999996,18.2687168,12.2348213
7.900440124,50,0,2,3,4,58,3,1,57,0,42,-4.6999998,146,70.1999969,88,387,0,6.5999999,10.8000002,18.1997662,12.1833353
6.619860836,50,0,1,2,3,55,3,1,75,0,31,-4.5999999,147,99,5,378,0,6.5999999,10.8000002,18.2118473,12.2008133
5.436111101,50,0,5,15,10,40,2,5,5,1,45,-5.0999999,141,70.1999969,88,422,0,6.8000002,10.1999998,18.051857,12.0461159
8.617366838,50,0,11,42,33,10,0,5,0,1,24,-4.9000001,143,70.1999969,88,408,0,6.5999999,10.1000004,18.0652885,12.0515356
5.618041668,50,0,8,45,4,21,1.5,0.5,16,1,31,-4.9000001,143,99,5,419,0,6.5,10.1999998,18.1260757,12.093173
7.398854799,50,0,0,0,0.01,79,0,0.01,91,0,23,-5,143,99,5,430,0,6.4000001,10.1000004,18.1077061,12.0780916
2.41478367,95,0,30,40,28,15,1,1.5,2.5,0.5,21,-4.5999999,144,54.9399986,87,399,6,6.1999998,10.3000002,17.9771385,12.0352955
4.975,95,0,35,25,40,8,1,3,0,1,12,-4.3000002,146,54.9399986,87,392,6,6.3000002,10.3999996,17.9744148,12.0297594
3.68,95,0,9,44,7,2.5,1.5,5,0,1,11,-4.5,145,70.1999969,88,412,6,6.4000001,10.1999998,18.0261745,12.0460711
2.544801242,95,0,0.01,0,0,30,10,1,70,0,37,-4.9000001,141,70.1999969,88,434,6,6,10,17.9767189,12.0197859
2.382213779,95,0,32,9,1,43,4,0,55,0,23,-5.3000002,138,95.2099991,13,519,0,5.6999998,9.3999996,17.9064255,11.9512129
6.528813626,95,0,65,7,9,21,1,2.5,1.5,2,22,-4.9000001,143,70.1999969,88,416,0,6,9.8000002,17.968832,11.9963923
3.078084929,95,0,2,60,15,14,2.5,0.5,7,4.5,28,-5.0999999,141,54.9399986,87,501,0,5.5999999,9.3999996,17.9247646,11.9369116
7.295690712,50,0,11,44,19,25,3.5,4,0,3,24,-4.8000002,143,70.1999969,88,407,0,6,10,18.022953,12.0396795
7.503029371,50,0,6,48,6,32,0.01,3,0.01,0.01,29,-4.9000001,142,70.1999969,88,415,0,6.0999999,10,18.0437317,12.0448627
2.028762521,95,0,17,5,1,15,50,0,35,0,26,-5.3000002,137,54.9399986,87,528,0,5.6999998,9.3999996,17.9064255,11.9512129
7.518897334,50,0,0,25,35,2.5,2,3,0,21,20,-4.6999998,144,70.1999969,88,420,0,6,10,18.0572414,12.079648
8.225772056,50,0,9,55,11,11,1.5,2.5,0,1,13,-4.5,146,70.1999969,88,380,0,6.0999999,10.5,18.1520405,12.1609592
9.362276902,50,0,11,29,5,47,0.01,3,0,0.01,18,-4.6999998,143,70.1999969,88,419,0,5.9000001,10,18.0574303,12.0800266
7.167059552,50,0,0.5,0.01,2,68,1,4.5,80,0,42,-4.8000002,145,99,5,391,0,6.5999999,10.5,18.1419678,12.1328392
7.321397943,50,0,1,1,2,75,0.01,3.5,53,0,33,-4.8000002,145,99,5,389,0,6.5999999,10.5,18.1419678,12.1328392
5.956803952,95,0,12,40,12,52,1,3,3,9,22,-4.5,146,54.9399986,87,402,0,6,10.1999998,18.2276516,12.1814537
5.569871185,50,0,45,10,0,9,15,11,3,0,17,-4.5,145,54.9399986,87,412,0,5.6999998,10,18.0881233,12.0980568
5.847224017,50,0,1,45,12,6,0,3,0,11,21,-4.3000002,148,54.9399986,87,395,0,5.8000002,10.1000004,18.1869469,12.1727972
8.452228767,95,0,0.5,68,8,16,0,2,0,5,20,-4.5,147,54.9399986,87,397,0,5.9000001,10.1000004,18.2081585,12.1641502
5.658096427,50,0,28,5,3,45,40,5,25,0,21,-4.5,145,95.2099991,13,402,0,5.5999999,9.8999996,18.109066,12.0889921
9.137387107,50,0,20,50,30,11,0,2,0,5,23,-4.4000001,145,54.9399986,87,396,0,5.9000001,10.3000002,18.0528221,12.0854454
7.679497118,50,0,12,40,12,40,2,1,0,1,17,-4.4000001,145,70.1999969,88,407,0,5.9000001,10.1999998,18.0357609,12.0729942
7.167832352,50,0,10,60,14,32,1,4,0,0,23,-4.5999999,145,70.1999969,88,416,0,5.9000001,10.1000004,18.0353813,12.0722294
7.037339762,50,0,11,80,5,12,0,4,0,12,19,-4.1999998,146,54.9399986,87,384,0,5.8000002,10.3999996,18.0685959,12.0952911
7.539522452,0,0,11,40,2.5,3.5,0.01,2,0,0.01,22,-4.4000001,148,63.2000008,78,365,0,6.4000001,10.6000004,18.3072433,12.2537756
9.041267496,0,0,4,45,11,21,1,3,0,0.01,16,-4.3000002,151,70.1999969,88,391,49,6.0999999,10.6000004,18.4305305,12.325325
7.232944452,0,0,4,40,15,23,5,5,0,3,28,-4.5,147,90.9199982,29,587,32,6.1999998,10,18.6159401,12.4101391
7.18655013,0,0,11,32,10,8,0,3.5,0,0,24,-4.5,149,70.1999969,88,372,32,6.3000002,10.5,18.4464455,12.3062363
7.440593609,0,0,15,20,9,10,1,2,0,0.01,31,-4.3000002,146,54.9399986,87,424,32,5.6999998,9.8000002,18.2698975,12.1783133
7.309439905,0,0,0,58,13,3,1.5,4,0,1.5,15,-4.4000001,150,70.1999969,88,386,13,6.6999998,10.8999996,18.4872627,12.3736544
3.8,0,0,17,50,10,4,7,13,0,0,10,-4.5,148,90.9199982,29,461,4,6.5999999,10.3000002,18.4574089,12.3565531
6.144643586,95,0,2,5,3,5,3,1,70,0,18,-4.9000001,142,95.2099991,13,471,0,6.9000001,10.1999998,17.0187283,11.4953537
4.508506329,95,0,0.1,0.1,2,20,0.1,15,60,0,55,-5.4000001,139,95.2099991,13,415,0,6.5,10,16.6766243,11.3586407
4.509198312,95,0,0.1,2,0.1,2,5,0.1,50,0,22,-4.6999998,144,95.2099991,13,383,0,6.5,10.6000004,17.1306496,11.6058559
4.714345992,95,0,0.1,1,0.1,0.1,3,0.1,90,0,14,-4.5999999,145,95.2099991,13,470,0,6.6999998,10,17.1491394,11.5781584
2.262728551,95,0,0.1,0.1,0.1,3,0.1,1,65,0,30,-5.1999998,141,88.0999985,30,396,0,6.3000002,10.3999996,16.8066921,11.4563971
3.364164835,95,0,4,0.1,5,2,0.1,2,15,0,40,-5.3000002,139,88.0999985,30,401,0,6.1999998,10.1999998,16.7704716,11.4129677
4.654052741,95,0,3,1,5,15,1,2,35,0,44,-6.0999999,139,92,3,462,0,6.6999998,10,16.4697304,11.2587671
3.09,95,0,1,20,40,8,3,5,0.1,1,30,-5.0999999,144,85.6600037,26,365,0,6.4000001,10.8000002,17.1686573,11.6253004
5.084195326,95,20,35,25,65,0.1,0,35,0.1,0,58,-4.5,146,88.0999985,30,423,0,7,10.5,17.167511,11.5933905
4.042193248,95,0,0.1,25,55,7,0.1,2,0.1,0.1,36,-5.1999998,143,85.6600037,26,350,0,6.3000002,10.8999996,17.1869965,11.6548748
3.922851352,95,0,0.1,10,70,20,0,1,0,0,29,-5.0999999,144,85.6600037,26,366,0,6.3000002,10.8000002,17.20574,11.6422396
3.681039205,95,0,0.1,85,90,0.1,0.1,5,0,0.1,20,-5.5999999,140,56.7599983,71,368,0,6.8000002,10.6000004,16.6727676,11.3747559
4.984794731,95,0,0.1,60,30,0.1,0,0.1,0,0.1,20,-5.8000002,141,88.0999985,30,402,0,6.5999999,10.1000004,16.5453014,11.2848797
3.155311039,95,0,5,25,75,0.1,0,15,0,0,19,-5.4000001,140,88.0999985,30,381,0,6.5,10.5,16.7118607,11.3989201
3.163646843,95,0,4,20,90,0.1,0,20,0,0,23,-5.4000001,140,88.0999985,30,381,0,6.5,10.5,16.7118607,11.3989201
4.06,95,0,0.1,20,80,2,0,20,0,0,43,-5.3000002,140,95.2099991,13,382,0,6.4000001,10.3999996,16.6937008,11.3698807
4.287718792,95,0,0.1,25,75,4,0.1,15,0,0.1,40,-5.3000002,140,95.2099991,13,382,0,6.4000001,10.3999996,16.6937008,11.3698807
4.230196973,95,0,10,20,60,4,1,10,0,0,42,-5.1999998,140,95.2099991,13,384,0,6.4000001,10.3000002,16.6944675,11.3866739
3.331666667,95,0,0.1,5,90,0.1,0,0.1,0,0,17,-5.4000001,139,88.0999985,30,381,0,6.5,10.5,16.7118607,11.3989201
3.161313319,95,0,1,35,50,2,0,15,0,0,45,-5.3000002,140,95.2099991,13,390,0,6.3000002,10.3000002,16.7132874,11.3747931
4.229315599,95,0,1,15,85,0.1,0,10,0,0,21,-5.4000001,140,88.0999985,30,381,0,6.5,10.5,16.7118607,11.3989201
3.962819526,95,0,1,10,40,0.1,0,25,0,0,17,-5.3000002,140,56.7599983,71,382,0,6.5,10.3999996,16.6929417,11.367425
4.275716511,95,0,1,10,90,2,0,15,0,0,30,-5.3000002,140,56.7599983,71,382,0,6.5,10.3999996,16.6929417,11.367425
4.12308755,95,0,1,12,30,3,0,20,0,0,39,-5.4000001,139,56.7599983,71,385,0,6.4000001,10.3000002,16.6574993,11.3551788
3.627711951,95,0,1,13,65,4,0,10,0,0,25,-5.4000001,139,56.7599983,71,385,0,6.4000001,10.3000002,16.6574993,11.3551788
4.233716511,95,0,3,15,70,2,0,5,0,0.1,32,-5.4000001,140,88.0999985,30,390,0,6.4000001,10.3000002,16.6574993,11.3551788
3.934380138,95,0,0.1,15,85,1,0,15,0,0,33,-5.3000002,140,95.2099991,13,382,0,6.4000001,10.3999996,16.6937008,11.3698807
4.601994046,95,0,5,35,50,5,4,10,0,0,50,-5.1999998,140,95.2099991,13,401,0,6.4000001,10.3000002,16.6944675,11.3866739
3.898314966,95,0,0.1,10,90,0.1,0,15,0,0,23,-5.3000002,140,56.7599983,71,382,0,6.5,10.3999996,16.6929417,11.367425
1.34,95,0,1,12,60,0.1,1,20,0,0,2,-5.6999998,141,56.7599983,71,387,0,6.8000002,10.3000002,16.5623207,11.3100405
3.055833333,95,0,5,20,75,0.1,2,5,0,0,20,-5.6999998,141,56.7599983,71,387,0,6.8000002,10.3000002,16.5623207,11.3100405
4.830126544,95,0,4,25,70,10,0.1,10,0,0,41,-5.5999999,140,56.7599983,71,388,0,6.6999998,10.3999996,16.5993271,11.341836
4.616251061,95,0,2,67,75,20,0.1,15,0,0,45,-5.5999999,140,56.7599983,71,388,0,6.6999998,10.3000002,16.5811825,11.3414764
4.3,95,0,0.1,10,80,0.1,0,20,0,0,24,-5.6999998,140,56.7599983,71,388,0,6.6999998,10.3000002,16.5811825,11.3414764
3.692461207,95,0,0.1,45,80,0.1,0.1,20,0,0.1,17,-5.6999998,141,56.7599983,71,387,0,6.8000002,10.3000002,16.5623207,11.3100405
2.233333333,95,0,2,10,60,0.1,0,25,0,0,16,-5.3000002,141,56.7599983,71,389,0,6.5999999,10.3000002,16.6377258,11.3352203
3.809149408,95,0,1,15,95,2,0.1,2,0,0,32,-5.3000002,141,56.7599983,71,388,0,6.5999999,10.3999996,16.6189404,11.3327723
3.836920388,95,0,15,20,90,1,0,20,0,0,36,-5.3000002,141,56.7599983,71,389,0,6.5999999,10.3999996,16.6189404,11.3327723
4.578208985,95,0,3,30,45,3,0.1,10,0,0,19,-5.3000002,141,56.7599983,71,389,0,6.5999999,10.3000002,16.6377258,11.3352203
4.767737032,95,0,3,12,80,2,0,5,0,0,42,-5.5,139,56.7599983,71,389,0,6.6999998,10.3999996,16.6183128,11.3450098
4.142115143,95,0,4,10,25,25,0.1,20,0,0,55,-5.5,139,56.7599983,71,389,0,6.6999998,10.3999996,16.6183128,11.3450098
3.518979226,95,0,1,16,50,0.1,0,15,0,0.1,10,-5.6999998,141,56.7599983,71,387,0,6.8000002,10.3000002,16.5623207,11.3100405
4.28032814,95,0,4,15,90,0.1,0,25,0,0,25,-5.4000001,140,56.7599983,71,381,0,6.5,10.3999996,16.6929417,11.367425
3.850752887,95,0,0,10,70,0.1,0,5,0,0,35,-5.5,140,56.7599983,71,383,0,6.5999999,10.6000004,16.6930542,11.3964586
3.517963772,95,0,0,15,30,0.1,0,5,0,0.1,32,-5.5,140,56.7599983,71,383,0,6.5999999,10.6000004,16.6930542,11.3964586
4.591063145,95,0,10,20,70,2,0,15,0,1,38,-5.3000002,141,56.7599983,71,366,0,6.4000001,10.6000004,16.7301388,11.399663
4.87632928,95,0,0.1,15,70,2,0,5,0,0,35,-5.4000001,140,56.7599983,71,381,0,6.5,10.3999996,16.6929417,11.367425
4.101984926,95,0,0.1,25,80,1,0,5,0,0.1,25,-5.3000002,141,88.0999985,30,360,0,6.5,10.6000004,16.7293739,11.3972015
3.778728308,95,0,5,25,80,1,0,15,0,0.1,26,-5.3000002,140,56.7599983,71,382,0,6.5,10.3999996,16.6929417,11.367425
4.32,95,0,0.1,30,80,0.1,0,15,0,1,1,-5.3000002,141,88.0999985,30,390,0,6.5999999,10.3000002,16.6368732,11.3467369
4.94416445,95,0,0.1,15,80,0.1,0,0.1,0,0,18,-5.3000002,141,88.0999985,30,390,0,6.5999999,10.3000002,16.6368732,11.3467369
4.530644753,95,0,0.1,25,50,3,0,0,0,0.1,26,-5.4000001,141,88.0999985,30,392,0,6.5999999,10.3000002,16.6187229,11.3463764
3.971979226,95,0,15,15,55,2,0,10,0,0,39,-5.5999999,141,88.0999985,30,393,0,6.5999999,10.3000002,16.6005726,11.3173714
4.270983786,95,0,10,15,20,0.1,0,20,0,0,35,-5.5999999,141,88.0999985,30,393,0,6.5999999,10.3000002,16.6005726,11.3173714
4.426666667,95,0,0.1,15,80,1,0,0.1,0,0.1,28,-5.4000001,141,88.0999985,30,391,0,6.5999999,10.3000002,16.6187229,11.3463764
4.082654253,95,0,5,30,65,1,2,15,0,0,38,-5.4000001,141,88.0999985,30,394,0,6.6999998,10.3000002,16.5816956,11.3145723
3.386915827,95,0,0.1,35,60,0.1,0,0,0,0.1,13,-5.3000002,141,88.0999985,30,390,0,6.5999999,10.3000002,16.6368732,11.3467369
5.978054131,0,0,4,10,70,35,0,10,0,0,36,-4.9000001,144,68.6500015,96,292,0,5.9000001,11.1000004,17.3814793,11.7336025
7.320322376,0,0,5,20,60,35,0,0,0,0,37,-4.9000001,144,68.6500015,96,292,0,5.9000001,11.1000004,17.3814793,11.7336025
6.392980873,0,0,1,10,50,5,0.1,5,0,0,30,-4.9000001,144,68.6500015,96,292,0,5.9000001,11.1000004,17.3814793,11.7336025
4.41478219,95,0,3,40,75,25,0,15,0,0,41,-4.8000002,145,88.0999985,30,400,0,6.4000001,10.3999996,17.0547276,11.5526094
6.57966274,95,0,5,80,60,10,0,15,0,0.1,13,-4.8000002,145,88.0999985,30,411,0,6.8000002,10.3999996,17.1313267,11.5644302
5.564311546,95,0,4,31,75,2,0,15,0,0,15,-4.8000002,145,88.0999985,30,411,0,6.8000002,10.3999996,17.1313267,11.5644302
5.4666502,95,0,5,50,90,4,0,15,0,0,24,-4.5999999,146,88.0999985,30,409,0,6.6999998,10.3999996,17.1322594,11.5813551
4.282264868,95,0,0.1,50,25,1,0,4,0,30,24,-5.5,141,68.6500015,96,389,0,6.5999999,10.6000004,16.9009361,11.5115242
4.533991766,95,0,0.1,85,15,0.1,0,3,0,15,26,-5.3000002,144,56.7599983,71,418,0,7,10.6000004,16.9400692,11.477253
2.908107784,95,0,1,3,0.1,2,0.1,0.1,80,0,28,-4.5999999,145,68.6500015,96,371,0,6.4000001,10.8000002,17.1488533,11.6062202
3.765527612,95,0,7,12,2,5,2,1,40,0,16,-4.5999999,144,95.2099991,13,385,0,6.1999998,10.5,17.0351295,11.5627403
4.052315536,95,0,1,10,70,10,0.1,20,0.1,0.1,47,-5.0999999,143,88.0999985,30,418,0,6.4000001,9.8999996,16.6582432,11.3432369
3.82,95,0,0.1,8,70,2,0,1,0,0,42,-5.0999999,144,56.7599983,71,415,0,7,10.5,16.9584923,11.4926863
3.369948065,95,0,5,25,15,1,1,8,0.1,0,32,-5.5,142,88.0999985,30,420,0,6.5,10,16.6196709,11.3208542
3.565,95,0,5,5,90,0.1,0.1,0,0,0.1,37,-5.5999999,139,56.7599983,71,364,0,6.8000002,10.6000004,16.6721439,11.3726721
4.306666667,95,0,1,45,65,1,0.1,2,0.1,0.1,21,-4.5,145,88.0999985,30,405,0,6.6999998,10.5,17.1310463,11.5780954
3.782309836,95,0,2,25,45,1,0.1,2,1,0.1,42,-5.0999999,143,88.0999985,30,406,0,6.5999999,10.1999998,16.7700043,11.411521
4.2,95,0,0.1,15,10,0.1,4,50,0,0.1,2,-5.4000001,141,56.7599983,71,378,0,6.5,10.6000004,16.7300224,11.3849545
3.993333333,95,0,1,20,45,0.1,0,5,0,2,22,-5.4000001,141,56.7599983,71,378,0,6.5,10.6000004,16.7300224,11.3849545
4.173333333,95,0,5,75,80,1,0,10,0,5,20,-5.4000001,140,56.7599983,71,371,0,6.5,10.6000004,16.7300224,11.3849545
3.713333333,95,0,0.1,70,40,1,0,20,0,1,24,-5.4000001,140,56.7599983,71,371,0,6.5,10.6000004,16.7300224,11.3849545
3.813049845,95,0,2,50,45,2,0,10,0,0,46,-5.4000001,141,88.0999985,30,363,0,6.4000001,10.6000004,16.7301388,11.399663
5.62133156,95,0,1,60,20,20,0,15,0,0,33,-5.4000001,140,56.7599983,71,378,0,6.5,10.6000004,16.7300224,11.3849545
5.036650833,95,0,0.1,55,40,3,0,3,0,0,25,-5.3000002,141,88.0999985,30,360,0,6.5,10.6000004,16.7293739,11.3972015
4.033333333,95,0,0.1,60,50,0.1,0.1,25,0,0.1,5,-5.4000001,141,56.7599983,71,378,0,6.5,10.6000004,16.7300224,11.3849545
2.84,95,0,1,50,60,0.1,0.1,3,0,1,2,-5.8000002,142,56.7599983,71,386,0,6.8000002,10.3999996,16.5616093,11.3075981
2.99929529,95,0,5,60,50,0.1,1,5,0,0.1,8,-5.8000002,142,56.7599983,71,386,0,6.8000002,10.3999996,16.5616093,11.3075981
4.966795111,95,0,4,55,40,2,1,10,0,0,45,-5.6999998,142,56.7599983,71,387,0,6.8000002,10.3999996,16.5616093,11.3075981
4.798533156,95,0,2,65,50,1,0,5,0,0.1,32,-5.8000002,141,56.7599983,71,386,20,6.8000002,10.3999996,16.5617123,11.3222675
4.765733612,95,0,3,5,40,0.1,0,10,0,0,24,-5.6999998,141,56.7599983,71,387,0,6.8000002,10.3000002,16.5623207,11.3100405
3.949313319,95,0,5,50,40,0.1,10,20,0,1,30,-6,139,56.7599983,71,385,0,6.8000002,10.5,16.5798569,11.3369389
3.649474318,95,0,3,50,60,0.1,0,15,0,0,33,-6,139,56.7599983,71,385,0,6.8000002,10.5,16.5798569,11.3369389
1.79,95,0,0.1,40,75,0.1,1,10,0,0,7,-5.8000002,142,56.7599983,71,386,0,6.8000002,10.3999996,16.5616093,11.3075981
3.78,95,0,0.1,85,20,0.1,0,1,0,1,3,-5.3000002,141,56.7599983,71,390,0,6.5999999,10.3000002,16.6368732,11.3467369
4.424120844,95,0,0.1,70,60,3,0,20,0,0.1,22,-5.3000002,141,56.7599983,71,390,0,6.5999999,10.3000002,16.6368732,11.3467369
4.875486731,95,0,0.1,50,60,0.1,0.1,0.1,0,0.1,25,-5.4000001,141,88.0999985,30,391,0,6.5999999,10.3000002,16.6187229,11.3463764
4.558115143,95,0,0.1,50,50,1,0.1,0.1,0,0.1,33,-5.4000001,141,88.0999985,30,391,0,6.5999999,10.3000002,16.6187229,11.3463764
5.181738305,95,0,0.1,50,60,1,0.1,4,0,3,38,-5.3000002,141,88.0999985,30,396,0,6.5999999,10.1000004,16.619463,11.3488283
5.257057825,95,0,0.1,80,85,2,0.1,5,0,0.1,30,-5.3000002,141,56.7599983,71,390,0,6.5999999,10.3000002,16.6368732,11.3467369
5.147192222,95,0,1,75,20,7,0,5,0,2,42,-5.3000002,141,88.0999985,30,400,0,6.5,10.1000004,16.6382542,11.3512802
4.105587434,95,0,0.1,75,35,1,0,5,0,0.1,18,-5.3000002,141,56.7599983,71,390,0,6.5999999,10.3000002,16.6368732,11.3467369
5.310812591,95,0,0.1,85,75,0.1,0,15,0,2,11,-5.8000002,141,56.7599983,71,387,0,6.8000002,10.3999996,16.5434666,11.3072433
4.698249921,95,0,1,80,30,15,0,15,0,0.1,27,-5.8000002,141,56.7599983,71,388,0,6.8000002,10.3999996,16.5434666,11.3072433
4.379987206,95,0,0.1,65,40,25,0,15,0,0,29,-5.8000002,141,56.7599983,71,388,0,6.8000002,10.3999996,16.5434666,11.3072433
4.649050605,95,0,0.1,50,50,1,1,5,0,0.1,41,-5.9000001,141,88.0999985,30,394,0,6.8000002,10.3000002,16.5432644,11.2922268
4.539853569,95,0,1,45,90,1,0,15,0,0.1,25,-5.8000002,141,56.7599983,71,387,0,6.8000002,10.3999996,16.5434666,11.3072433
4.109315599,95,0,0.1,45,25,2,0,5,0,0,38,-5.9000001,141,88.0999985,30,399,0,6.6999998,10.1999998,16.543869,11.2800045
3.41,95,0,0.1,90,50,0.1,0,10,0,0,5,-5.8000002,141,56.7599983,71,387,0,6.8000002,10.3999996,16.5434666,11.3072433
4.733333333,95,0,1,58,50,0.1,0,15,0,0.1,8,-5.3000002,141,56.7599983,71,389,0,6.5999999,10.3000002,16.6368732,11.3467369
4.417450377,95,0,0.1,85,70,3,0,10,0,0,19,-5.3000002,141,56.7599983,71,388,0,6.5999999,10.3999996,16.6189404,11.3327723
5.522124264,95,0,0.1,65,55,3,0,10,0,0.1,22,-5.3000002,141,56.7599983,71,388,0,6.5999999,10.3999996,16.6189404,11.3327723
5.356934068,95,0,1,60,50,2,0,10,0,1,25,-5.4000001,141,56.7599983,71,390,0,6.6999998,10.3999996,16.6182041,11.3446474
3.402968966,95,0,0.1,80,50,1,0.1,5,0,1,23,-5.3000002,141,56.7599983,71,389,0,6.5999999,10.3000002,16.6368732,11.3467369
5.054985433,95,0,0.1,70,40,2,0,5,0,3,29,-5.5,140,56.7599983,71,390,0,6.6999998,10.3999996,16.6183128,11.3450098
2.76,95,0,1,50,50,0.1,2,10,0,2,3,-5.3000002,141,56.7599983,71,389,0,6.5999999,10.3000002,16.6368732,11.3467369
2.6,95,0,0.1,25,60,0.1,0,5,0,0,21,-5.0999999,144,88.0999985,30,397,0,6.3000002,10.3999996,17.0169392,11.5479774
2.83,95,0,0.1,25,50,0.1,0,0,0,0,10,-5.4000001,140,56.7599983,71,381,0,6.5,10.5,16.7118607,11.3989201
3.48,95,0,1,20,80,1,0,0.1,0,2,14,-5.4000001,140,88.0999985,30,381,0,6.5,10.5,16.7118607,11.3989201
3.973333333,95,0,1,25,75,2,0,2,0,0.5,40,-5.3000002,140,95.2099991,13,382,0,6.5,10.5,16.7118607,11.3989201
3.196666667,95,0,0.1,15,20,0.1,0,10,0,0,43,-5.5,140,88.0999985,30,366,0,6.4000001,10.6000004,16.7677784,11.4332733
3.42,95,0,0.1,25,80,0.1,0,0,0,0,11,-5.4000001,139,88.0999985,30,381,0,6.5,10.5,16.7118607,11.3989201
4,95,0,0.1,37,35,0.1,0,5,0,0.1,31,-5.5999999,139,88.0999985,30,366,0,6.3000002,10.6000004,16.7866116,11.4357433
5,95,0,2,50,25,0.1,0,5,0,1,23,-5.5999999,139,88.0999985,30,366,0,6.3000002,10.6000004,16.7866116,11.4357433
4.2325,95,0,1,20,70,2,0,0,0,0,17,-5.4000001,140,88.0999985,30,381,0,6.5,10.5,16.7118607,11.3989201
4.680159605,95,0,1,75,25,1,0,5,0,0,28,-5,144,88.0999985,30,392,0,6.5,10.6000004,17.11166,11.588933
5.340816391,95,0,1,55,65,2,0,15,0,4,34,-4.9000001,145,88.0999985,30,400,0,6.5,10.3999996,17.1115284,11.5885715
5.348874533,95,0,0.1,70,30,1,0,15,0,5,35,-5,144,88.0999985,30,392,0,6.5,10.6000004,17.11166,11.588933
5.575191082,95,0,0.1,65,80,5,0,5,0,1,30,-5,144,88.0999985,30,407,0,6.8000002,10.5,17.1133881,11.5647774
5.007062829,95,0,4,50,80,5,0,5,0,0,23,-4.9000001,144,88.0999985,30,402,0,6.5999999,10.5,17.169342,11.5982866
5.487068529,95,0,0.1,35,65,4,0,10,0,0,39,-5,144,88.0999985,30,407,0,6.8000002,10.5,17.1133881,11.5647774
2.57,95,0,0.1,25,80,0.1,0.1,20,0,0.1,51,-5.5,141,88.0999985,30,398,0,6.3000002,10.3999996,16.8255501,11.4588728
3.05,0,0,40,30,30,10,0,10,0.01,2,27,-4.9000001,144,97.5500031,5,423,0,7.0999999,10.3000002,16.8842697,11.4150057
2.586666667,0,0.01,10,36,65,10,2,2,0,0,26,-5.3000002,145,56.7599983,71,397,5,7.3000002,10.8999996,16.5416355,11.329421
3.175,0,10,12,10,25,3,2,2,1,0,19,-6.6999998,140,91.9499969,20,372,0,7.6999998,10.5,16.2819939,11.1593361
4.596666667,0,0,0.01,72,10,1,3,1,0,5,14,-5.4000001,145,56.7599983,71,399,5,7.3000002,10.8999996,16.597044,11.3626184
3.29,95,35,47,30,35,11,2,2,0,0,25,-4.5999999,145,88.0999985,30,421,0,7,10.1000004,17.0011883,11.4679909
2.895,0,0,40,10,2,10,3,5,25,0,39,-9.8000002,119,97.5500031,5,451,0,7.0999999,9.8000002,15.8784065,10.9417496
3.69,0,0,57,3,40,10,5,5,0,5,35,-8.3999996,132,56.7599983,71,408,0,7.5999999,10.1000004,15.8948221,10.9188471
3.113333333,0,0,4,1,1,30,0.01,0.01,90,0,38,-9.8000002,124,97.5500031,5,454,0,7,9.8000002,15.8787231,10.9149466
4.515,95,0,1,55,30,3,2,2,0,5,28,-5.3000002,144,64.8199997,98,422,0,7.1999998,10.8000002,16.7849789,11.4449224
3.1275,95,0,5,3,35,18,15,5,10,0,38,-9.6999998,125,92,3,470,0,5.5999999,8.8000002,16.3173409,11.2420025
4.0425,95,0,2,50,60,10,2,30,0.1,10,35,-9.8000002,123,92,3,472,0,5.5999999,8.8000002,16.3179131,11.2301035
1.8,0,0,30,60,70,0.1,2,45,0,0,5,-7.1999998,140,56.7599983,71,447,0,6.5999999,9.3999996,16.3779259,11.2672224
3.89875,0,0,5,15,55,35,4,10,0.1,0,45,-9.8000002,125,92,3,431,0,7.4000001,9.5,15.9116592,11.0825129
3.255,0,0,0.1,75,35,1.5,3,25,0.1,0,21,-10.1000004,120,91.7600021,28,441,0,6,9.1999998,16.259016,11.2229633
3.84,0,0,2,65,45,3,3,30,0,0,34,-9.5,126,92,3,463,0,6.0999999,8.8999996,16.3716393,11.2999592
4.02,0,0,0.1,45,50,1,8,30,0,0,39,-8.3000002,134,56.7599983,71,407,0,7.6999998,9.3999996,16.1519451,11.2565203
4.61625,0,0,10,90,30,1,0.1,40,0,3,24,-8.5,134,56.7599983,71,416,0,7.4000001,9,16.1853619,11.2294426
4.895,0,0,0.1,70,50,1,0.1,35,0,0,34,-8.3000002,134,92,3,413,0,7.5,9.1999998,16.1882839,11.2863722
3.406666667,0,0,3,2,0.1,0.1,10,0.1,85,0,38,-8.1000004,127,92,3,497,0,6.0999999,8.8999996,16.3524971,11.280983
3.54,0,0,25,3,35,10,10,20,50,0,38,-9.3999996,118,97.5500031,5,502,0,6.5999999,9.1000004,15.6733236,10.9117069
3.91,0,0,10,8,15,18,2,15,50,0,48,-9.6999998,127,92,3,465,0,7,9.3000002,15.9140158,11.0817022
5.693333333,0,0,0,70,30,2,5,30,0,0,20,-8,136,56.7599983,71,421,0,7.6999998,9.1999998,16.3527184,11.3532333
4.83,0,0,0,70,50,4,1,45,0,0.1,31,-7.5999999,138,56.7599983,71,402,0,7.5999999,9.3000002,16.2254105,11.3055305
3.753333333,0,0,50,45,35,10,5,20,2,0.1,28,-8.6000004,133,56.7599983,71,446,0,7,9,16.4086437,11.3752031
4.51,0,0,12,25,50,3,2,25,0,3,23,-8.6999998,130,56.7599983,71,404,0,7.9000001,10.3000002,16.0026951,11.0027924
6.081666667,0,40,15,30,50,5,0.1,50,0,0,29,-6.5999999,142,91.9499969,20,372,0,7.8000002,10.5,16.2246685,11.1311598
3.98875,0,32,15,8,75,5,2,10,0,0,30,-5.5,145,91.9499969,20,372,0,7.8000002,11.1999998,16.4468155,11.283638
5.695,0,27,0.1,20,65,5,3,15,0,0,32,-5.5999999,145,56.7599983,71,363,0,7.6999998,10.8999996,16.3176346,11.186161
6.45,0,45,45,5,75,0.1,0.1,35,0,0,30,-5.6999998,145,91.9499969,20,364,0,7.9000001,11,16.3169079,11.2116547
4.353333333,0,0,1,35,80,1,0.1,15,0,1,17,-8,135,56.7599983,71,393,0,7.8000002,10.3000002,16.0585041,11.0549841
5.653333333,0,0,0.1,60,70,0.1,0.1,25,0,0,17,-7.1999998,139,56.7599983,71,372,0,7.5999999,10.3999996,16.2451553,11.1561041
5.33,0,0,0.1,75,70,3,1,45,0,0,25,-8.5,132,64.8199997,98,393,0,7.8000002,10,16.1731644,11.1138115
6.455,0,0,15,70,60,5,0.1,40,0,0,28,-8.6999998,131,56.7599983,71,397,0,7.8000002,10.1000004,16.1907883,11.1406527
6.626666667,0,0,0,82,65,1,2.5,40,0,1,29,-8,134,56.7599983,71,375,0,8.1999998,10.5,16.1536674,11.1218138
2.91,0,0,4,0.1,3,5,5,0.1,75,0,23,-9.8000002,126,96.7099991,13,471,0,7.0999999,9.6999998,15.8745728,10.877121
2.78,0,0,35,60,5,3,10,50,0,0,18,-6.0999999,137,97.5500031,5,448,0,7.0999999,10.3000002,16.1520176,11.0716429
4.7,0,0,0.1,55,40,4,1,0,0,0,17,-5.5,145,56.7599983,71,367,0,8,11.1999998,16.3908672,11.247777
2.5375,0,0,15,2,2,40,2,1,1,0,41,-9.1999998,129,56.7599983,71,448,0,7.0999999,9.8000002,15.837616,10.8427067
2.9575,0,0,20,5,20,5,0.01,1,40,7,26,-9.1999998,130,97.5500031,5,468,0,6.9000001,9.6999998,15.8196421,10.828783
3.659166667,0,0,35,5,5,25,0.01,1,0,0,33,-9.5,128,56.7599983,71,458,0,7.0999999,9.8000002,15.837616,10.8427067
2.6625,0,0,45,2,5,15,2,1,15,0,52,-10.1999998,119,97.5500031,5,455,0,7.0999999,9.8000002,15.837616,10.8427067
2.075,0,0,40,0.01,5,15,3,3,10,0,30,-9.5,128,56.7599983,71,458,0,7.0999999,9.8000002,15.837616,10.8427067
2.075,0,0,2,0.01,0.01,0.01,0.01,0,98,0,14,-10.3999996,122,96.7099991,13,490,0,6.8000002,9.6000004,15.801281,10.8122606
4.681666667,95,0,3,45,70,1.5,2,40,1,0,33,-8.3999996,131,64.8199997,98,462,0,7.0999999,9.5,16.1976929,11.1675797
3.52,0,0,50,30,35,3,2,25,0,0.1,22,-7,139,64.8199997,98,452,0,7.9000001,9.3000002,16.3846359,11.2906027
3.059166667,0,0,2,70,65,0.1,0.1,35,0,0,22,-8.5,132,56.7599983,71,423,34,7.5999999,9.5,16.1386356,11.2056856
5.54,0,0,0.1,50,70,1,1,25,0,0.1,22,-4.8000002,148,64.8199997,98,489,0,7.8000002,9.8000002,16.5327377,11.4032021
4.043333333,0,0,1,60,72,0.1,2,35,0,0,35,-8.1000004,131,64.8199997,98,448,0,7.1999998,9.5,16.1390858,11.1646757
3.4,0,0,4,65,70,8,1,25,0,0,39,-8.6999998,131,64.8199997,98,431,0,7.3000002,9.5,16.177927,11.1468649
3.47,0,0,25,20,80,30,10,20,10,0,40,-9,128,64.8199997,98,446,0,7.1999998,9.6999998,16.1194248,11.15804
3.9,0,0,10,40,8,7,10,4,3,0,15,-6.6999998,141,96.7099991,13,470,0,7.1999998,8.8999996,16.4527607,11.3769875
4.615,0,0,0.1,60,40,2,1,20,0,0,23,-7.3000002,139,56.7599983,71,433,0,7.8000002,9.6000004,16.4507275,11.3840103
3.42,95,0,5,20,55,8,20,2,45,0,28,-7.3000002,132,64.8199997,98,542,0,6.6999998,8.8000002,16.1665592,11.1277418
3.42,0,0,10,5,40,25,10,5,30,0,23,-7,140,64.8199997,98,506,0,6.3000002,8.8000002,16.3634224,11.2511787
5.43,0,0,2,3,1,15,1,0.1,80,0,17,-4.9000001,145,96.7099991,13,544,0,6.4000001,8.6999998,16.3824539,11.2832279
4.393333333,0,0,1,0.1,0.1,10,2,0.1,90,0,20,-6.3000002,137,96.7099991,13,565,0,6.1999998,8.6000004,16.3629608,11.2638845
3.393333333,0,0,50,20,25,2,5,30,0,0,17,-7.4000001,139,56.7599983,71,428,0,7.5999999,9.3999996,16.4275799,11.3931265
3.73,0,0,10,35,15,25,10,35,0.1,0,15,-7.3000002,140,56.7599983,71,435,0,7.5999999,9.3000002,16.42873,11.4119616
3.386666667,0,0,45,20,25,1,10,35,0,0.1,17,-7.4000001,139,56.7599983,71,430,0,7.5999999,9.3999996,16.4275799,11.3931265
4.55,0,0,1,60,60,2,0.1,25,0,0,23,-7.0999999,140,56.7599983,71,436,0,7.6999998,9.5,16.4521503,11.3748245
3.2,95,0,0.1,0.1,1,2,20,0.1,85,0,16,-8.3999996,133,95.2099991,13,482,0,6.9000001,9,16.1471653,11.108779
3.08,0,0,15,20,6,3,3,2,15,0.1,14,-6,135,96.7099991,13,524,0,6.4000001,9.6000004,16.4608898,11.1604557
4.44,0,0,0.1,0,4,5,10,0,88,0,25,-8,111,97.5500031,5,527,0,6.3000002,9,15.8047981,10.83395
4.233333333,0,0,3,60,70,1,0.1,50,0,3,24,-5.4000001,145,64.8199997,98,383,0,7.6999998,10.8999996,16.4300709,11.2456913
5.446666667,95,40,55,15,70,2,0.1,40,0,0,38,-4.5,145,96.7099991,13,439,0,7.0999999,10.1999998,17.0359554,11.4786472
4.6175,95,35,20,50,55,3,1,45,0,0,34,-4.4000001,146,88.0999985,30,439,0,6.9000001,10.1999998,17.0362988,11.4939919
4.1475,0,0,0.1,60,65,0.1,2,40,0,0.1,25,-5.6999998,144,64.8199997,98,401,0,7.5,10.6000004,16.430645,11.2049646
3.52,0,3,40,35,10,3,0.1,45,0,0,21,-5.0999999,143,68.6500015,96,370,0,6.8000002,10.6000004,17.1723289,11.6061783
3.731666667,95,0,5,70,30,1,0.1,40,0,0.1,15,-5,146,64.8199997,98,423,28,7.0999999,10.6000004,16.9373837,11.4837914
3.1375,0,0,15,5,70,20,5,4,0.1,0,36,-6.8000002,137,95.2099991,13,436,0,7.0999999,9.8999996,16.3653736,11.1432877
5.313333333,0,0.1,2,60,45,2,0.1,40,0,0,34,-5.5999999,142,64.8199997,98,447,0,7,10.1999998,16.769474,11.3811865
2.94,0,0,1,1,2,8,10,0.1,65,0,19,-5.5,139,96.7099991,13,474,0,6.6999998,9.6000004,16.5717926,11.2116089
4.4325,0,0,1,1,4,3,3,1,75,0,50,-5.0999999,144,97.5500031,5,446,0,6.9000001,10,16.4366608,11.1403561
2.245,0,0,2,0.1,1.5,1,5,0.1,75,0,11,-5.3000002,140,96.7099991,13,522,0,6.5,9.5,16.4797077,11.1772232
2.945,0,0,20,3,10,5,2,0.1,60,0,44,-7,122,97.5500031,5,515,0,6.8000002,9.6999998,16.3264599,11.1336184
4.018333333,0,0,10,25,2,5,4,5,45,0,28,-4.5,146,96.7099991,13,479,0,6.9000001,10.1999998,16.3977737,11.1593103
3.61,0,0,20,50,15,1.5,2,40,0.1,5,18,-5.1999998,145,64.8199997,98,408,0,7.1999998,10.8000002,16.691124,11.375802
4.073333333,95,0,45,25,2,2.5,25,10,1,0,24,-7.3000002,136,95.2099991,13,445,0,7.1999998,10,16.4055977,11.1998215
2.95,0,0,2,50,1.5,0.1,30,25,2,0,13,-8.8999996,128,95.2099991,13,422,0,7.5999999,10.1999998,16.3815384,11.2085075
3.15,95,0,5,90,25,0.1,5,50,0,1.75,6,-5.3000002,144,64.8199997,98,422,0,7.0999999,10.6999998,17.0133762,11.5378733
4.63,0,0,35,1,3,2,0.1,0.1,60,0,46,-7.6999998,122,97.5500031,5,532,0,6.1999998,9.1999998,16.2540665,11.0469313
3.31131674,0,0,1,0.5,10,10,0,0.5,50,0,62,-5.3000002,144,96,4,561,0,6.0999999,9.3999996,16.7676163,11.6156034
1.833333333,0,0,0,0,0.5,0.5,0,0,99,0,20,-8.3000002,116,91.7600021,28,547,0,5.4000001,7.8000002,16.2548599,11.1443768
3.815,95,0,0.5,0.5,5,3,0.5,0,85,0,58,-6.8000002,136,97.5500031,5,505,0,5.5999999,8.6000004,16.26544,11.165247
5.4633213,0,0,1,0.5,35,10,0,0.5,45,0,54,-7.6999998,127,91.7600021,28,571,0,3.9000001,7,17.5962181,11.2377138
2.466666667,95,0,0.5,0,0.5,0.5,1,0.5,85,0,19,-5.6999998,143,96,4,464,0,5.0999999,8.6000004,17.7890873,11.5536947
2.1535,0,0,1,0.5,0.5,0.5,0,0,99,0,59,-7.6999998,126,96,4,549,0,4,7.0999999,17.5066338,11.1971149
0.25925859,0,0,0.5,0.5,0.5,3,0.5,0.5,95,0,36,-7.6999998,105,96,4,596,0,3.8,6.8000002,17.5234795,11.2066298
2.933333333,0,0,0,0.5,3,0.5,3,0.5,85,0,30,-8.1999998,116,91.7600021,28,557,0,5.3000002,7.6999998,16.2548637,11.1444006
4.375810691,0,0.5,99,0.5,3,0.5,0.5,0.5,0,0,32,-3.7,154,96,4,521,0,6.0999999,9.3999996,16.7676163,11.6156034
6.95032871,0,15,1,0.25,1,0.25,0,0.25,0,0.25,46,-3.3,157,84.5,33,467,0,6.9000001,10.3999996,16.82271,11.6613331
8.55,0,1,3,0.5,1,0.5,0,10,10,0,56,-3.5,153,101,0,514,0,5.4000001,8.8999996,16.9016132,11.599762
5.35,0,0.25,20,10,0.5,0.5,0,1,0,0,24,-3.3,157,84.5,33,469,0,6.3000002,9.8000002,16.748621,11.5841856
2.558331149,95,0,0.5,0.5,0.5,20,0,0.5,95,0,45,-6.8000002,131,76.8499985,35,546,0,5.1999998,8.1000004,16.264801,11.1484299
2.42899789,95,0,0,0,0.5,30,0,0,99,0,34,-8.1000004,134,76.8499985,35,490,0,5.1999998,8.1000004,16.264801,11.1484299
1.207338256,95,0,0.5,0.5,0.5,30,0,0,99,0,46,-6.1999998,139,76.8499985,35,505,0,5.5999999,8.3000002,16.2112808,11.1221552
2.078227848,0,0,0,0.5,0.5,0.5,5,0.5,70,0.5,24,-5.4000001,141,101,0,563,0,5.4000001,9,16.9213829,11.6335878
2.963932489,0,0.25,0.25,0.25,0.25,0.5,0,0,95,0,25,-4.6999998,150,101,0,468,0,6.5,10.1000004,16.8679543,11.6789169
4.011485232,0,0.25,0.5,0.5,0.5,10,0,0.5,40,0,18,-3.5999999,160,101,0,465,0,6.1999998,9.6999998,16.8670902,11.6619778
2.872624473,0,0.5,3,10,0,25,0,1,30,0,31,-3.5,157,101,0,450,0,6.5999999,10.1999998,16.8851509,11.6907425
2.775810691,0,0.5,1,0.5,1,1,5,0.5,30,0,53,-4.5,151,101,0,519,0,5.8000002,9.3999996,16.8335762,11.6264648
3.636139241,0,0,1,0.5,0.5,3,35,0.5,15,0,34,-5.3000002,144,101,0,530,0,6.1999998,9.6000004,16.851635,11.6552486
3.915512699,95,45,3,3,0.5,0.5,0,1,1,0,36,-3.5999999,160,97.4000015,4,447,0,6.1999998,10,16.8926754,11.7033319
7.944072174,0,40,20,10.5,70,1,0.5,3,0.5,0.5,24,-5.1999998,150,101,0,511,0,5.4000001,9,16.8663826,11.5448742
2.925,0,0,1,0.5,3,0.5,5,0.5,20,0,40,-5.4000001,141,101,0,564,0,5.4000001,9,16.9213829,11.6335878
1.666666667,0,0,0,0.5,0.5,0.5,30,1,25,0,32,-8.1000004,120,91.7600021,28,529,0,5.4000001,7.8000002,16.2548599,11.1443768
4.973315599,0,0,0.5,10,1,10,0.5,1,0.5,0,59,-6.5,138,96,4,538,0,4.6999998,8,17.7688007,11.4890547
3.309306479,0,0,5,1,5,3,0.5,0.5,25,0,63,-7.6999998,125,76.8499985,35,534,0,4.1999998,7,17.5950527,11.2187071
4.167307619,0,0,3,0.5,10,5,0.5,3,10,0,69,-7.5,130,96,4,506,0,4,7.0999999,17.5066338,11.1971149
1.308827004,0,0,0.5,0.5,5,5,0,5,45,0,65,-8.1999998,117,99.3499985,5,552,0,5.4000001,7.8000002,16.3084793,11.1561031
2.358583508,0,0,1,5,15,1,0.5,5,0.5,0.5,49,-6.5,138,88.5,10,540,0,5.5999999,8.6000004,16.6644897,11.3599577
2.408827004,0,0.25,0.5,5,0.5,40,0,0.5,35,0,48,-4.5,152,101,0,486,0,6.1999998,9.6999998,16.8670902,11.6619778
3.627307619,0,0,3,1,1,10,0,5,3,0,61,-7.9000001,122,96,4,550,0,3.8,6.8000002,17.5234795,11.2066298
1.51507173,0,0,0.5,40,25,1,1,0.5,20,0.5,54,-8.1999998,117,91.7600021,28,560,0,5.3000002,7.6999998,16.272871,11.1301212
2.725,0,0,3,10,50,0.5,0.5,5,0.5,0.5,44,-6.3000002,136,89.6200027,23,576,0,5.4000001,8.5,16.6471367,11.3339109
2.500257299,95,0,0.5,10,15,1,0.5,1,10,0.5,57,-6.1999998,138,88.5,10,552,0,5.0999999,7.9000001,16.2281246,11.1316776
2.228726751,95,0,0.5,40,20,1,1,0.5,3,0.5,61,-6.1999998,139,76.8499985,35,501,0,5.5999999,8.3000002,16.2112808,11.1221552
3.175976946,95,0,0.5,20,3,1,0.5,1,1,0,71,-6.1999998,138,88.5,10,552,0,5.0999999,7.9000001,16.2281246,11.1316776
2.578036661,95,0,30,25,10,1,0.5,5,1,3,58,-8,134,76.8499985,35,474,0,5.5999999,8.6000004,16.2654247,11.1651897
3.953978086,0,0,5,1,55,5,0,1,0,0,57,-7.5999999,129,76.8499985,35,506,0,3.9000001,7,17.5962181,11.2377138
3.616506329,0,0,0.5,40,30,0.5,1,3,0,0,35,-7.5,128,76.8499985,35,511,0,4.5,7.0999999,17.6311378,11.2188416
4.503983786,0,0,0.5,30,20,0.5,0.5,5,0.5,0.5,50,-5.9000001,140,89.6200027,23,548,0,5.5,8.6999998,16.6471291,11.3481722
4.291979226,0,0.25,0.25,60,5,3,0,0.25,0,0,57,-6.3000002,138,88.5,10,549,0,5.5,8.6000004,16.6651573,11.3624353
3.931979226,95,15,1,65,55,3,0,0,0,0.5,36,-4,159,66.8499985,57,406,0,7.1999998,11.1000004,16.9478779,11.763628
7.109991133,0,0,0.5,40,25,0.5,0.5,1,0,0.5,34,-3.5999999,156,84.5,33,508,0,5.4000001,8.8999996,16.9016132,11.599762
4.38032586,0,1,0.25,65,1,3,0,0.25,0,0,48,-6.5,138,88.5,10,540,0,5.5999999,8.6000004,16.6644897,11.3599577
4.035314459,95,0,3,20,30,3,1,0.5,0.5,0,36,-3.8,159,66.8499985,57,407,0,7.3000002,11.1999998,16.9669704,11.7806692
2.155555556,95,0.5,0.5,0.5,0.5,0.5,0,0.5,65,0,64,-4.9000001,147,97.4000015,4,523,0,6.6999998,10.3999996,16.9458561,11.7439651
2.543945148,0,0,0.5,0,0.5,0.5,1,0,80,0,40,-6.5999999,121,96,4,566,0,4.6999998,8,17.7688007,11.4890547
2.309134524,95,0.5,0.5,0.25,0.25,0.25,0,0.25,85,0,50,-3.5999999,155,97.4000015,4,480,0,6.6999998,10.3999996,16.9458561,11.7439651
2.939887482,95,0,0.5,0,0.5,0.5,0,0,99,0,17,-7.1999998,113,101,0,594,0,4.1999998,7.5999999,17.7868767,11.4891882
1.9,0,0,25,0.5,0.5,0.5,1,0.5,50,0,21,-6,144,96,4,460,0,5.0999999,8.5,17.769516,11.5200424
0.7,95,0,0.25,0,0.25,0.25,0,0,99,0,14,-7.1999998,113,101,0,594,0,4.1999998,7.5999999,17.7868767,11.4891882
2.311305339,95,0,0.5,0.25,60,0.5,0,0.25,90,0,54,-5.1999998,137,97.4000015,4,566,0,6,9.6999998,16.9458313,11.7439051
5.80532016,95,45,3,3,10,1,0,0.5,0.5,0,54,-3.5999999,160,74.5,53,453,0,7,10.8000002,16.9258175,11.7244425
8.108334917,95,55,1,5,30,10,0.5,0.5,0,0,35,-4.1999998,158,74.5,53,440,0,7,10.8000002,16.9438744,11.7388334
5.857753288,95,30,0.5,0.5,60,0.5,0,0.25,0,0,37,-3.3,161,97.4000015,4,469,0,6.1999998,10,16.8926754,11.7033319
5.603870838,0,35,3,10,0.5,1,0,0.25,0.25,0,46,-4.5,158,84.5,33,396,0,7,10.6000004,16.8688316,11.6527252
5.313271898,0,45,5,0.5,20,0.5,0,3,0,0,42,-4.4000001,158,84.5,33,424,0,6.6999998,10.1999998,16.8019238,11.6248837
7.667493983,0,35,5,3,1,3,0,0,0.25,0,39,-4.3000002,158,84.5,33,448,0,6.5,10.1000004,16.8679543,11.6789169
10.34584204,0,25,1,0.5,75,30,0,0.25,0.25,0,40,-4.4000001,158,84.5,33,408,0,6.5999999,10.1000004,16.7495251,11.5867186
6.88232472,95,25,20,1,60,10,0,0.5,0,0,40,-5.9000001,144,96,4,444,0,4.9000001,8.3999996,17.8252068,11.5538273
6.90932928,0,35,5,0.5,1,15,0,0.5,0.5,1,41,-3.7,161,84.5,33,425,0,7,10.6000004,16.8037319,11.6443758
1.375,0,10,55,5,40,0.5,1,0.5,0.5,0,26,-4.4000001,159,84.5,33,396,13,6.4000001,9.8999996,16.7323608,11.5748205
3.873315599,0,0,1,50,20,1,0.5,3,0.5,0.5,56,-4.9000001,141,88.5,10,581,0,5.3000002,8.3000002,16.6845379,11.3959608
3.819976988,95,0,0.5,80,10,0.5,0.5,0.5,0,0.5,29,-6.6999998,140,76.8499985,35,509,0,5.5999999,8.3999996,16.2299423,11.1389055
1.865,95,0,1,20,3,1,0.5,0.5,0.5,0,48,-7.9000001,135,76.8499985,35,477,0,5.1999998,8.1000004,16.264801,11.1484299
4.873989486,0,0,0.5,60,25,0.5,1,0.5,0,0.5,42,-6.3000002,138,88.5,10,540,0,5.4000001,8.5,16.665823,11.3791819
2.711091583,95,0,0.5,40,25,1,0.5,0.5,0.5,0,61,-8,134,76.8499985,35,474,0,5.6999998,8.8000002,16.2660446,11.1533451
4.582647413,0,0,0.5,30,50,0.5,0.5,0.5,0.5,0.5,43,-6.9000001,139,88.5,10,534,0,5.4000001,8.5,16.646471,11.345727
7.587992906,0,0,0.5,70,15,3,0.5,0.5,0,0.5,32,-6.0999999,146,96,4,426,0,5.0999999,8.5,17.769516,11.5200424
2.061143005,95,0,1,1,1,15,5,0.5,10,0,54,-6.6999998,141,76.8499985,35,499,0,5.5999999,8.3999996,16.2299423,11.1389055
4.094143074,0,0,55,40,30,0.5,1,1,0,0.5,36,-5.8000002,140,89.6200027,23,553,0,5.5,8.6999998,16.6471291,11.3481722
4.807760677,0,0,0.1,30,15,0.1,0.1,25,0.1,0,15,-5,149,99,5,464,0,8.1999998,10.1999998,16.6316357,11.4298143
6.85066502,0,35,0.1,8,95,15,0.1,3,0,0.1,43,-4.3000002,153,91.9499969,20,407,0,9.6999998,10.8000002,16.7616959,11.5555706
7.419993878,0,20,0.1,0.1,60,1,0,60,0,0,38,-5.0999999,148,56.7599983,71,472,0,8.1000004,10.3000002,16.6315804,11.4296503
7.98,95,40,1,0.1,95,1,0,25,0,0,30,-4.3000002,154,63.4000015,60,388,0,9.5,10.8000002,16.9204044,11.6091213
5.81,95,30,1,0.1,75,25,0.1,5,0,0,45,-4.5,152,63.4000015,60,393,0,9.3999996,10.8000002,16.9394398,11.6116524
4.08,95,0,8,0.1,50,2,1,25,1,0,33,-7.5,133,95.2099991,13,473,0,7,9.5,16.2534466,11.1735039
4.486666667,95,0,15,36,80,1,0.1,5,0.1,0.1,44,-7.5999999,129,95.2099991,13,483,0,7.0999999,9.5,16.2160225,11.1686487
3.26,95,0.1,0.1,27,35,25,10,0.1,0.1,0,16,-4.3000002,154,63.4000015,60,386,0,9.5,10.8000002,16.9204044,11.6091213
2.93,95,0.1,0.1,15,35,3,60,0.1,1,0,28,-4.3000002,154,63.4000015,60,388,0,9.5,10.8000002,16.9204044,11.6091213
5.041318956,0,0,1,8,4,30,0,0.1,50,0,42,-4.5,150,99,5,546,0,7.5999999,10,16.5736465,11.4182787
4.652899487,95,0,11,60,10,0.1,0,70,0.1,0,43,-6,144,99,5,464,0,8.3000002,10.1999998,16.5595417,11.3583212
3.853580594,95,0,15,20,20,1,0.1,25,5,0,67,-7.1999998,133,99,5,486,0,7.0999999,9.8000002,16.4476795,11.1897078
3.633333333,0,0.1,3,3,5,0.1,0.1,30,20,0,44,-3.8,153,96.7099991,13,531,0,7.4000001,9.6999998,16.5712814,11.4109612
4.2575,95,0,20,1,15,5,0.1,10,10,0,27,-7.9000001,129,95.2099991,13,484,0,7.0999999,9.6000004,16.2956238,11.1369629
4.952255621,0,0,2,4,8,30,0,1,20,0,54,-5.1999998,147,99,5,502,0,7.8000002,10.1000004,16.6314697,11.4293251
4.248116283,95,0.1,5,4,15,20,0.1,10,15,0,41,-6.6999998,140,99,5,442,0,7.8000002,10.3999996,16.6743565,11.3625126
6.022889353,95,5,0.1,0.1,1,75,0.1,25,5,0,33,-5.9000001,145,97.9000015,12,398,0,8.3999996,10.1999998,16.5185757,11.3149567
5.057760888,95,10,0.1,0.1,5,75,0.1,15,5,0,46,-4.9000001,150,97.9000015,12,414,0,8,10.1999998,16.5596085,11.3585148
4.95765533,0,40,0.1,0.1,40,10,0,75,0.1,0,69,-4.5999999,151,99,5,435,0,9.3000002,10.6999998,16.762331,11.5430183
3.096666667,0,0,0.1,0.1,0.1,0.1,0.1,0.1,90,0,17,-4.6999998,148,96.7099991,13,522,0,7.8000002,9.6999998,16.5352802,11.3969135
4.641713851,0,0,25,0.1,8,8,0.1,0.1,20,0,50,-5.1999998,145,99,5,566,0,7.5999999,9.8999996,16.6115379,11.4237137
5.341360379,95,0,0.1,1,10,25,0,5,8,0,70,-7.4000001,137,64.8199997,98,434,0,7.6999998,9.6999998,16.3868637,11.2549467
5.634987227,95,25,2,2,40,0.1,0.1,20,0.1,0,46,-5.3000002,148,97.9000015,12,409,0,9,10.5,16.6892204,11.4541693
5.585096813,95,0,0.1,0.1,4,30,0.1,0.1,95,0,56,-6.4000001,124,97.5500031,5,593,0,6.3000002,8.5,16.1487484,11.0712366
5.40167015,0,0,0.1,1,1,35,0.1,0.1,90,0,44,-5.0999999,141,99,5,592,0,7.0999999,9.8000002,16.573597,11.4181309
4.195,0,0,0.1,10,0.1,15,2,0.1,62,0,12,-5.3000002,144,99,5,547,0,7.5,9.8000002,16.5738449,11.3901653
4.253333333,95,0,0.1,0,0.1,0.1,0.1,0.1,90,0,9,-8.3000002,132,95.2099991,13,481,0,7.1999998,9.3000002,16.2197247,11.1387959
3.006666667,95,0,1,5,0.1,1,2,0.1,83,0,13,-7.9000001,134,95.2099991,13,456,0,7.5,9.6999998,16.3518333,11.215354
4.541468354,95,0,0.1,0.1,3,0.1,0.1,0.1,90,0,38,-7.8000002,130,95.2099991,13,467,0,7.0999999,9.3999996,16.2760429,11.131896
5.581989486,95,0,5,1,10,35,0.1,1,70,0,49,-7.0999999,139,99,5,488,0,7.5999999,9.6999998,16.4090099,11.2392721
4.260646273,95,0,0.1,1,25,50,0,1,80,0,63,-6.9000001,132,99,5,534,0,6.8000002,9.5,16.3927956,11.1587811
4.112365064,95,0,1,1,5,2,0,0.1,80,0,17,-7.9000001,133,95.2099991,13,460,0,7.0999999,9.3000002,16.2975693,11.1719332
5.747780591,95,0,3,0.1,20,15,0,3,65,0,58,-8.3999996,133,95.2099991,13,456,0,7,9.3999996,16.2753201,11.1151552
5.31478903,0,0,1,25,20,8,0,15,0.1,0,33,-5,149,99,5,483,0,7.8000002,10.1000004,16.6314697,11.4293251
5.642820951,95,0.1,2,40,15,2,0.1,10,0,0.1,30,-4.3000002,154,63.4000015,60,378,0,9.3999996,11,16.8013096,11.5511398
5.096147634,0,0,0.1,60,60,0.1,0,3,0,0.1,44,-4.1999998,154,56.7599983,71,413,0,9.6999998,11,16.7986908,11.5724812
