AdjHeight,grazing,tree,forb,graminoid,bryophyte,lichen,soil,duff,rock,water,richness,temperature,season,active layer,permafrost,precipitation,fire,VPD_May,VPD_Aug,rad_May,rad_Aug
3.05,0,0,40,30,30,10,0,10,0.01,2,27,-4.9000001,144,97.5500031,5,423,144,4.5590935,9.9481869,11.4840031,11.4840031
2.586666667,0,0.01,10,36,65,10,2,2,0,0,26,-5.3000002,145,56.7599983,71,397,5,4.5884566,9.9540977,11.3848772,11.3848772
3.175,0,10,12,10,25,3,2,2,1,0,19,-6.6999998,140,91.9499969,20,372,144,4.0906153,8.9532604,11.296031,11.296031
4.596666667,0,0,0.01,72,10,1,3,1,0,5,14,-5.4000001,145,56.7599983,71,399,5,4.7092037,10.2154083,11.3987856,11.3987856
3.29,95,35,47,30,35,11,2,2,0,0,25,-4.5999999,145,88.0999985,30,421,144,4.6441469,10.0822163,11.5457764,11.5457764
3.69,0,0,40,10,2,10,3,5,25,0,39,-9.8000002,119,97.5500031,5,451,144,3.7023551,8.1912174,11.1876297,11.1876297
2.895,0,0,57,3,40,10,5,5,0,5,35,-8.3999996,132,56.7599983,71,408,144,3.7456064,8.3061314,11.1062298,11.1062298
3.113333333,0,0,4,1,1,30,0.01,0.01,90,0,38,-9.8000002,124,97.5500031,5,454,144,3.7456064,8.3061314,11.1468706,11.1468706
4.515,95,0,1,55,30,3,2,2,0,5,28,-5.3000002,144,64.8199997,98,422,144,4.7983851,10.38307,11.475419,11.475419
7.371213448,50,0,17,35,35,13,7,4,0,0,13,-4.5999999,143,54.9399986,87,405,144,4.9917383,10.1763296,11.8815861,11.8815861
5.580806506,95,0,13,11,25,35,2,1,0.01,0,20,-5,141,70.1999969,88,379,144,4.9991121,10.3127632,11.9133635,11.9133635
5.58,50,0,3,70,11,15,0,1,0,5,15,-4.3000002,145,54.9399986,87,382,144,4.9917383,10.1763296,11.8958778,11.8958778
4.431141805,50,0,80,1,2,15,30,3,5,0,19,-4.4000001,145,54.9399986,87,407,144,4.7719026,9.8990593,11.8632755,11.8632755
5.090128913,50,0,18,15,15,25,10,15,1,5,15,-4.5,145,54.9399986,87,439,144,4.9377313,9.8920918,11.8327694,11.8327694
6.436460576,50,0,11,60,11,12.5,2,2.5,0,3.5,18,-4.1999998,146,54.9399986,87,378,144,5.12922,10.2504702,11.9048462,11.9048462
7.719207936,50,0,25,38,17,22,0.01,4,0,1.5,18,-4.6999998,144,70.1999969,88,369,144,5.1611013,10.4163866,11.9230328,11.9230328
5.241779965,50,0,1,80,10,4,0,1,0,0.01,17,-4.3000002,146,54.9399986,87,382,144,5.12922,10.2504702,11.8752642,11.8752642
5.458805496,95,0,10,30,70,30,5,0,1,5,25,-4.9000001,143,54.9399986,87,466,144,4.7118697,9.4226999,11.7794647,11.7794647
5.158376104,95,0,5,15,10,10,3,1,1,0.01,33,-4.5,145,70.1999969,88,390,144,5.1146588,10.0202093,11.8120918,11.8120918
7.154254536,95,0,8,50,8,17,1,3,0,0,22,-4.1999998,148,70.1999969,88,368,144,5.1146588,10.0202093,11.8275614,11.8275614
9.015717183,95,0,1,3,1,70,15,0,75,0,39,-4.8000002,143,90.9199982,29,474,144,4.7118697,9.4226999,11.7744017,11.7744017
5.608039763,95,0,1.5,3.5,0,40,4,0,70,0,33,-5,140,90.9199982,29,515,144,4.7118697,9.4226999,11.7744017,11.7744017
4.210430679,50,0,9,50,9.5,16,0.01,3.5,0,5.5,23,-4.4000001,146,70.1999969,88,378,144,5.1611013,10.4163866,11.9054232,11.9054232
8.474072593,50,0,11,45,13,16,2,1.5,0,4.5,21,-4.1999998,146,70.1999969,88,380,144,4.9917383,10.1763296,11.9145832,11.9145832
6.255182252,50,0,6,53,20,15,0,3,0,1,20,-5,144,70.1999969,88,365,144,5.1611013,10.4163866,11.9120474,11.9120474
7.042017841,50,0,6,60,4,2,3,5,0,3,12,-4.3000002,146,70.1999969,88,377,144,5.1611013,10.4163866,11.9244709,11.9244709
5.737232753,50,0,2,38,50,8,2,1,0,2,19,-4.6999998,145,70.1999969,88,370,144,5.12922,10.2504702,11.8552294,11.8552294
5.246457244,50,0,5,65,7,7,1,1,0,0,22,-4.6999998,145,70.1999969,88,369,144,5.12922,10.2504702,11.8796673,11.8796673
8.445777881,95,0,6,33,4,30,1.5,2,13,1,34,-4.4000001,146,54.9399986,87,386,144,5.1146588,10.0202093,11.7929602,11.7929602
7.819102584,95,0,5,47,11,15,0,2,0,0,21,-4.8000002,146,63.2000008,78,365,144,5.1657219,10.1492805,11.8326635,11.8326635
8.267120993,95,0,14,30,4.5,37,2,3,1,0,36,-4.5,146,70.1999969,88,368,144,5.1694851,10.2616291,11.8415089,11.8415089
8.509156871,95,0,1,2,1,57,0,1,70,0,37,-4.4000001,146,54.9399986,87,386,144,5.1146588,10.0202093,11.7929602,11.7929602
10.16720469,95,0,0.01,2,1,60,0.01,0.01,60,0,37,-4.4000001,146,54.9399986,87,386,144,5.1146588,10.0202093,11.7929602,11.7929602
8.374980091,95,0,0,81,10,7,0.01,1,0,1,19,-4.5999999,147,68.6500015,96,364,144,5.1657219,10.1492805,11.8017778,11.8017778
7.515151492,95,0,1,60,7,7,0,1,0,0,21,-4.5,146,70.1999969,88,364,144,4.9965596,9.7071171,11.7837305,11.7837305
7.820279145,95,0,3,65,28,17,1,3,0,2,20,-5.0999999,144,68.6500015,96,355,144,5.1037369,9.8872976,11.7026997,11.7026997
6.796321901,95,0,11,25,5,7,0,2,0,0,20,-5.0999999,144,68.6500015,96,355,144,5.1037369,9.8872976,11.7026997,11.7026997
8.09705629,95,0,9.5,40,16,27,0,0,0,0,14,-5,145,70.1999969,88,359,144,5.147953,9.9203625,11.7444439,11.7444439
7.987565365,95,0,9,50,6,12,1,2.5,0,0,29,-5.1999998,142,70.1999969,88,353,144,5.1135688,10.2133608,11.7294359,11.7294359
8.493458936,95,0,6,45,27,12,0,2.5,0,0,14,-5,146,70.1999969,88,360,144,5.1657219,10.1492805,11.7949076,11.7949076
7.76554291,95,0,8,42,7,17,0.01,3,0,0.01,24,-4.9000001,144,70.1999969,88,354,144,5.1135688,10.2133608,11.794383,11.794383
4.957039373,50,0,15,15,15,45,1,0.01,30,1,39,-5,141,90.9199982,29,530,144,4.7664614,9.6795187,11.9541121,11.9541121
7.084293072,50,0,10,45,40,40,0,5,0,10,22,-5,142,70.1999969,88,456,144,4.904089,9.9845161,11.9589252,11.9589252
6.994956167,50,0,2,30,20,25,0,5,0,2,18,-4.5999999,147,70.1999969,88,417,144,5.2495174,10.3323374,12.0341101,12.0341101
3.908037113,50,0,8,4,10,40,3,1,19,6,32,-4.9000001,141,90.9199982,29,544,144,4.7664614,9.6795187,11.9434309,11.9434309
6.018301372,50,0,2,12,8,27,1,2,45,0,45,-5.5,131,90.9199982,29,672,144,4.7664614,9.6795187,11.9331026,11.9331026
9.316707167,95,0,25,48,9,20,0,3,0,0.01,24,-5,144,70.1999969,88,346,144,5.1135688,10.2133608,11.7833138,11.7833138
9.903974162,95,0,11,60,10,16,0.01,3,0,1,13,-5.5,142,70.1999969,88,338,144,5.0934057,10.2080116,11.7329283,11.7329283
9.210340664,95,0,15,58,12,15,0.01,0,0,0.01,18,-5,144,70.1999969,88,341,144,5.1135688,10.2133608,11.7625961,11.7625961
4.377608212,50,0,15,30,60,10,1,5,10,3,36,-5.0999999,141,90.9199982,29,522,144,4.7719798,9.7826223,11.9776907,11.9776907
7.497743002,50,0,3,30,50,35,0,3,0,3,20,-4.9000001,143,70.1999969,88,474,144,5.0324917,10.3417902,11.9914331,11.9914331
5.707869933,50,0,1,60,8,11,2,1,0,8.5,24,-5.0999999,141,90.9199982,29,542,144,4.7719798,9.7826223,11.9460583,11.9460583
7.201093271,50,0,2,10,0.01,75,10,5,60,0,35,-5.1999998,135,90.9199982,29,632,144,4.8227677,9.9347143,11.9729958,11.9729958
5.906048145,50,0,0,1,4,68,0,0.5,80,0.01,44,-5.0999999,141,99,5,471,144,4.7539053,9.8151884,11.9339657,11.9339657
7.455905106,50,0,10,65,15,25,1.5,1,0,14,17,-4.6999998,145,70.1999969,88,388,144,4.904089,9.9845161,11.9972095,11.9972095
8.528019071,50,0,7,50,18,25,0,1,0,4,20,-4.4000001,148,70.1999969,88,375,144,5.1217432,10.1864958,12.0557346,12.0557346
6.91258382,50,0,25,65,15,8,0,1,0,2,18,-4.4000001,148,70.1999969,88,371,144,5.1217432,10.1864958,12.0425663,12.0425663
8.123720135,50,0,2,3,4,58,3,1,57,0,42,-4.6999998,146,70.1999969,88,387,144,4.904089,9.9845161,12.009717,12.009717
6.918467954,50,0,1,2,3,55,3,1,75,0,31,-4.5999999,147,99,5,378,144,5.0021243,10.140336,12.049428,12.049428
5.697236512,50,0,5,15,10,40,2,5,5,1,45,-5.0999999,141,70.1999969,88,422,144,4.7539053,9.8151884,11.9387627,11.9387627
8.599660105,50,0,11,42,33,10,0,5,0,1,24,-4.9000001,143,70.1999969,88,408,144,4.7542667,9.8722706,11.9472027,11.9472027
6.356965549,50,0,8,45,4,21,1.5,0.5,16,1,31,-4.9000001,143,99,5,419,144,4.904089,9.9845161,11.9611568,11.9611568
7.568045186,50,0,0,0,0.01,79,0,0.01,91,0,23,-5,143,99,5,430,144,4.7539053,9.8151884,11.9295378,11.9295378
2.201104568,95,0,30,40,28,15,1,1.5,2.5,0.5,21,-4.5999999,144,54.9399986,87,399,26,4.9801865,10.3818903,11.9796028,11.9796028
4.975,95,0,35,25,40,8,1,3,0,1,12,-4.3000002,146,54.9399986,87,392,26,4.9801865,10.3818903,11.9770174,11.9770174
3.68,95,0,9,44,7,2.5,1.5,5,0,1,11,-4.5,145,70.1999969,88,412,26,4.9441667,10.2573175,11.9785128,11.9785128
2.513653539,95,0,0.01,0,0,30,10,1,70,0,37,-4.9000001,141,70.1999969,88,434,26,4.9801865,10.3818903,11.9417591,11.9417591
2.218764839,95,0,32,9,1,43,4,0,55,0,23,-5.3000002,138,95.2099991,13,519,144,4.7719026,9.8990593,11.8255043,11.8255043
6.443755207,95,0,65,7,9,21,1,2.5,1.5,2,22,-4.9000001,143,70.1999969,88,416,144,4.7542667,9.8722706,11.9024467,11.9024467
3.463195056,95,0,2,60,15,14,2.5,0.5,7,4.5,28,-5.0999999,141,54.9399986,87,501,144,4.7719026,9.8990593,11.8273287,11.8273287
7.207638937,50,0,11,44,19,25,3.5,4,0,3,24,-4.8000002,143,70.1999969,88,407,144,4.7542667,9.8722706,11.9104929,11.9104929
7.076616179,50,0,6,48,6,32,0.01,3,0.01,0.01,29,-4.9000001,142,70.1999969,88,415,144,4.7542667,9.8722706,11.9137859,11.9137859
1.888697147,95,0,17,5,1,15,50,0,35,0,26,-5.3000002,137,54.9399986,87,528,144,4.7719026,9.8990593,11.8280535,11.8280535
7.529907721,50,0,0,25,35,2.5,2,3,0,21,20,-4.6999998,144,70.1999969,88,420,144,5.0021243,10.140336,11.9372969,11.9372969
8.219004922,50,0,9,55,11,11,1.5,2.5,0,1,13,-4.5,146,70.1999969,88,380,144,5.0021243,10.140336,11.9961014,11.9961014
9.350879729,50,0,11,29,5,47,0.01,3,0,0.01,18,-4.6999998,143,70.1999969,88,419,144,5.0021243,10.140336,11.9372969,11.9372969
7.669210598,50,0,0.5,0.01,2,68,1,4.5,80,0,42,-4.8000002,145,99,5,391,144,4.904089,9.9845161,11.975131,11.975131
7.708965192,50,0,1,1,2,75,0.01,3.5,53,0,33,-4.8000002,145,99,5,389,144,4.904089,9.9845161,11.9916792,11.9916792
6.008856795,95,0,12,40,12,52,1,3,3,9,22,-4.5,146,54.9399986,87,402,144,5.1217432,10.1864958,11.9919281,11.9919281
6.299490485,50,0,45,10,0,9,15,11,3,0,17,-4.5,145,54.9399986,87,412,144,4.9377313,9.8920918,11.891695,11.891695
5.864589357,50,0,1,45,12,6,0,3,0,11,21,-4.3000002,148,54.9399986,87,395,144,5.1217432,10.1864958,11.9815416,11.9815416
8.465054855,95,0,0.5,68,8,16,0,2,0,5,20,-4.5,147,54.9399986,87,397,144,5.1217432,10.1864958,11.9761324,11.9761324
5.723982007,50,0,28,5,3,45,40,5,25,0,21,-4.5,145,95.2099991,13,402,144,4.9377313,9.8920918,11.9272394,11.9272394
9.432871816,50,0,20,50,30,11,0,2,0,5,23,-4.4000001,145,54.9399986,87,396,144,4.9917383,10.1763296,11.9157047,11.9157047
7.696561058,50,0,12,40,12,40,2,1,0,1,17,-4.4000001,145,70.1999969,88,407,144,4.9917383,10.1763296,11.9186096,11.9186096
7.183080591,50,0,10,60,14,32,1,4,0,0,23,-4.5999999,145,70.1999969,88,416,144,4.9917383,10.1763296,11.9108934,11.9108934
7.045506767,50,0,11,80,5,12,0,4,0,12,19,-4.1999998,146,54.9399986,87,384,144,4.9917383,10.1763296,11.9277992,11.9277992
6.553772523,95,0,2,5,3,5,3,1,70,0,18,-4.9000001,142,95.2099991,13,471,144,4.6765218,10.0215645,11.4463835,11.4463835
4.113333333,95,0,0.1,0.1,2,20,0.1,15,60,0,55,-5.4000001,139,95.2099991,13,415,144,4.474843,9.6764297,11.2797737,11.2797737
3.22,95,0,0.1,2,0.1,2,5,0.1,50,0,22,-4.6999998,144,95.2099991,13,383,144,4.798758,10.2183113,11.5161228,11.5161228
,95,0,0.1,1,0.1,0.1,3,0.1,90,0,14,-4.5999999,145,95.2099991,13,470,144,4.8107967,10.4348412,11.5396175,11.5396175
3.773277453,0,0,1,0.5,10,10,0,0.5,50,0,62,-5.3000002,144,96,4,561,144,4.549396,8.5185108,11.6660118,11.6660118
2.25,0,0,0,0,0.5,0.5,0,0,99,0,20,-8.3000002,116,91.7600021,28,547,144,3.3652554,6.8278503,11.163269,11.163269
4.26875,95,0,0.5,0.5,5,3,0.5,0,85,0,58,-6.8000002,136,97.5500031,5,505,144,3.62848,7.3044114,11.2637482,11.2637482
5.48626884,0,0,1,0.5,35,10,0,0.5,45,0,54,-7.6999998,127,91.7600021,28,571,144,3.3626261,7.0283017,11.1180706,11.1180706
3,95,0,0.5,0,0.5,0.5,1,0.5,85,0,19,-5.6999998,143,96,4,464,144,4.1827068,8.3231344,11.4178362,11.4178362
2.671333333,0,0,1,0.5,0.5,0.5,0,0,99,0,59,-7.6999998,126,96,4,549,144,3.3626261,7.0283017,11.0858746,11.0858746
,0,0,0.5,0.5,0.5,3,0.5,0.5,95,0,36,-7.6999998,105,96,4,596,144,3.3626261,7.0283017,11.0744944,11.0744944
3.2,0,0,0,0.5,3,0.5,3,0.5,85,0,30,-8.1999998,116,91.7600021,28,557,144,3.3652554,6.8278503,11.163269,11.163269
4.411757921,0,0.5,99,0.5,3,0.5,0.5,0.5,0,0,32,-3.7,154,96,4,521,144,4.549396,8.5185108,11.6660118,11.6660118
6.966195017,0,15,1,0.25,1,0.25,0,0.25,0,0.25,46,-3.3,157,84.5,33,467,144,4.549396,8.5185108,11.6065454,11.6065454
8.55,0,1,3,0.5,1,0.5,0,10,10,0,56,-3.5,153,101,0,514,144,4.5230403,8.4279118,11.5322151,11.5322151
5.35,0,0.25,20,10,0.5,0.5,0,1,0,0,24,-3.3,157,84.5,33,469,144,4.549396,8.5185108,11.5859756,11.5859756
1.68,95,0,0.1,0.1,0.1,3,0.1,1,65,0,30,-5.1999998,141,88.0999985,30,396,144,4.7509246,9.9348917,11.3157883,11.3157883
2.65540835,95,0,4,0.1,5,2,0.1,2,15,0,40,-5.3000002,139,88.0999985,30,401,144,4.7509246,9.9348917,11.3293552,11.3293552
5.060171885,95,0,3,1,5,15,1,2,35,0,44,-6.0999999,139,92,3,462,144,4.4243169,9.6705513,11.2401724,11.2401724
4.852722239,0,0,0.1,30,15,0.1,0.1,25,0.1,0,15,-5,149,99,5,464,144,4.5252728,9.0254688,11.6470432,11.6470432
2.808867528,95,0,0.5,0.5,0.5,20,0,0.5,95,0,45,-6.8000002,131,76.8499985,35,546,144,3.62848,7.3044114,11.2183104,11.2183104
1.910416667,95,0,0,0,0.5,30,0,0,99,0,34,-8.1000004,134,76.8499985,35,490,144,3.62848,7.3044114,11.2469082,11.2469082
1.71875,95,0,0.5,0.5,0.5,30,0,0,99,0,46,-6.1999998,139,76.8499985,35,505,144,3.6021385,7.2321534,11.2006693,11.2006693
2.8,0,0,0,0.5,0.5,0.5,5,0.5,70,0.5,24,-5.4000001,141,101,0,563,144,4.5230403,8.4279118,11.5200396,11.5200396
3.3,0,0.25,0.25,0.25,0.25,0.5,0,0,95,0,25,-4.6999998,150,101,0,468,144,4.5171919,8.4353561,11.6361084,11.6361084
3.916666667,0,0.25,0.5,0.5,0.5,10,0,0.5,40,0,18,-3.5999999,160,101,0,465,144,4.5171919,8.4353561,11.6508141,11.6508141
3.4,0,0.5,3,10,0,25,0,1,30,0,31,-3.5,157,101,0,450,144,4.5171919,8.4353561,11.6217422,11.6217422
3.449010561,0,0.5,1,0.5,1,1,5,0.5,30,0,53,-4.5,151,101,0,519,144,4.5171919,8.4353561,11.6124268,11.6124268
4.85,0,0,1,0.5,0.5,3,35,0.5,15,0,34,-5.3000002,144,101,0,530,144,4.5171919,8.4353561,11.6124268,11.6124268
2.6,95,0,1,20,40,8,3,5,0.1,1,30,-5.0999999,144,85.6600037,26,365,144,4.798758,10.2183113,11.5485077,11.5485077
5.12897775,95,20,35,25,65,0.1,0,35,0.1,0,58,-4.5,146,88.0999985,30,423,144,4.8107967,10.4348412,11.5959396,11.5959396
6.866548754,0,35,0.1,8,95,15,0.1,3,0,0.1,43,-4.3000002,153,91.9499969,20,407,144,4.6268883,9.3372002,11.8102427,11.8102427
7.444924639,0,20,0.1,0.1,60,1,0,60,0,0,38,-5.0999999,148,56.7599983,71,472,144,4.5252728,9.0254688,11.6610832,11.6610832
7.98,95,40,1,0.1,95,1,0,25,0,0,30,-4.3000002,154,63.4000015,60,388,144,4.90381,9.7490368,11.883235,11.883235
5.81,95,30,1,0.1,75,25,0.1,5,0,0,45,-4.5,152,63.4000015,60,393,144,4.940207,9.8087711,11.8834238,11.8834238
4.243645706,95,0,0.1,25,55,7,0.1,2,0.1,0.1,36,-5.1999998,143,85.6600037,26,350,144,4.9581079,10.3195601,11.5506716,11.5506716
4.066702553,95,0,0.1,10,70,20,0,1,0,0,29,-5.0999999,144,85.6600037,26,366,144,4.798758,10.2183113,11.5654306,11.5654306
3.508412796,95,0,0.1,85,90,0.1,0.1,5,0,0.1,20,-5.5999999,140,56.7599983,71,368,144,4.7270088,9.8712215,11.2820816,11.2820816
5.06159797,95,0,0.1,60,30,0.1,0,0.1,0,0.1,20,-5.8000002,141,88.0999985,30,402,144,4.474843,9.6764297,11.250515,11.250515
3.975547011,95,45,3,3,0.5,0.5,0,1,1,0,36,-3.5999999,160,97.4000015,4,447,144,4.9567685,9.2260666,11.8291702,11.8291702
7.964968044,0,40,20,10.5,70,1,0.5,3,0.5,0.5,24,-5.1999998,150,101,0,511,144,4.5178065,8.45574,11.4744368,11.4744368
3.86,95,0,8,0.1,50,2,1,25,1,0,33,-7.5,133,95.2099991,13,473,144,4.1046228,8.7251329,11.4066639,11.4066639
3.86,95,0,15,36,80,1,0.1,5,0.1,0.1,44,-7.5999999,129,95.2099991,13,483,144,4.1046228,8.7251329,11.390048,11.390048
3.28,95,0.1,0.1,27,35,25,10,0.1,0.1,0,16,-4.3000002,154,63.4000015,60,386,144,4.90381,9.7490368,11.8835316,11.8835316
1.46,95,0.1,0.1,15,35,3,60,0.1,1,0,28,-4.3000002,154,63.4000015,60,388,144,4.90381,9.7490368,11.883235,11.883235
3.533333333,0,0,1,0.5,3,0.5,5,0.5,20,0,40,-5.4000001,141,101,0,564,144,4.5230403,8.4279118,11.5200396,11.5200396
2.1,0,0,0,0.5,0.5,0.5,30,1,25,0,32,-8.1000004,120,91.7600021,28,529,144,3.3652554,6.8278503,11.1187725,11.1187725
5.001710243,0,0,0.5,10,1,10,0.5,1,0.5,0,59,-6.5,138,96,4,538,144,3.6934388,7.5542359,11.3846245,11.3846245
3.346416487,0,0,5,1,5,3,0.5,0.5,25,0,63,-7.6999998,125,76.8499985,35,534,144,3.3626261,7.0283017,11.0837469,11.0837469
4.203328207,0,0,3,0.5,10,5,0.5,3,10,0,69,-7.5,130,96,4,506,144,3.3626261,7.0283017,11.0959845,11.0959845
1.733333333,0,0,0.5,0.5,5,5,0,5,45,0,65,-8.1999998,117,99.3499985,5,552,144,3.3652554,6.8278503,11.1404734,11.1404734
2.67340203,0,0,1,5,15,1,0.5,5,0.5,0.5,49,-6.5,138,88.5,10,540,144,3.8615565,7.549263,11.297122,11.297122
3.566666667,0,0.25,0.5,5,0.5,40,0,0.5,35,0,48,-4.5,152,101,0,486,144,4.5171919,8.4353561,11.6116562,11.6116562
3.663328207,0,0,3,1,1,10,0,5,3,0,61,-7.9000001,122,96,4,550,144,3.3626261,7.0283017,11.0898619,11.0898619
2.033333333,0,0,0.5,40,25,1,1,0.5,20,0.5,54,-8.1999998,117,91.7600021,28,560,144,3.3652554,6.8278503,11.1144876,11.1144876
2.8,0,0,3,10,50,0.5,0.5,5,0.5,0.5,44,-6.3000002,136,89.6200027,23,576,144,3.8615565,7.549263,11.2800064,11.2800064
2.335239926,95,0,0.5,10,15,1,0.5,1,10,0.5,57,-6.1999998,138,88.5,10,552,144,3.5796244,7.233819,11.2172928,11.2172928
2.462580744,95,0,0.5,40,20,1,1,0.5,3,0.5,61,-6.1999998,139,76.8499985,35,501,144,3.62848,7.3044114,11.1996555,11.1996555
3.209455552,95,0,0.5,20,3,1,0.5,1,1,0,71,-6.1999998,138,88.5,10,552,144,3.5796244,7.233819,11.2015457,11.2015457
2.980079206,95,0,5,25,75,0.1,0,15,0,0,19,-5.4000001,140,88.0999985,30,381,144,4.7270088,9.8712215,11.2742634,11.2742634
2.942548447,95,0,4,20,90,0.1,0,20,0,0,23,-5.4000001,140,88.0999985,30,381,144,4.7270088,9.8712215,11.2742634,11.2742634
3.986666667,95,0,0.1,20,80,2,0,20,0,0,43,-5.3000002,140,95.2099991,13,382,144,4.7270088,9.8712215,11.2910347,11.2910347
4.341328822,95,0,0.1,25,75,4,0.1,15,0,0.1,40,-5.3000002,140,95.2099991,13,382,144,4.7270088,9.8712215,11.2910347,11.2910347
4.093817971,95,0,10,20,60,4,1,10,0,0,42,-5.1999998,140,95.2099991,13,384,144,4.7270088,9.8712215,11.2910347,11.2910347
3.331666667,95,0,0.1,5,90,0.1,0,0.1,0,0,17,-5.4000001,139,88.0999985,30,381,144,4.7270088,9.8712215,11.2742634,11.2742634
3.319858505,95,0,1,35,50,2,0,15,0,0,45,-5.3000002,140,95.2099991,13,390,144,4.7270088,9.8712215,11.2934732,11.2934732
4.097137804,95,0,1,15,85,0.1,0,10,0,0,21,-5.4000001,140,88.0999985,30,381,144,4.7270088,9.8712215,11.2742634,11.2742634
3.870431662,95,0,1,10,40,0.1,0,25,0,0,17,-5.3000002,140,56.7599983,71,382,144,4.7270088,9.8712215,11.2742634,11.2742634
4.234049523,95,0,1,10,90,2,0,15,0,0,30,-5.3000002,140,56.7599983,71,382,144,4.7270088,9.8712215,11.2742634,11.2742634
3.841312929,95,0,1,12,30,3,0,20,0,0,39,-5.4000001,139,56.7599983,71,385,144,4.7270088,9.8712215,11.2634335,11.2634335
3.749490926,95,0,1,13,65,4,0,10,0,0,25,-5.4000001,139,56.7599983,71,385,144,4.7270088,9.8712215,11.2634335,11.2634335
4.401549523,95,0,3,15,70,2,0,5,0,0.1,32,-5.4000001,140,88.0999985,30,390,144,4.7270088,9.8712215,11.2634335,11.2634335
3.991010458,95,0,0.1,15,85,1,0,15,0,0,33,-5.3000002,140,95.2099991,13,382,144,4.7270088,9.8712215,11.2742634,11.2742634
4.70891418,95,0,5,35,50,5,4,10,0,0,50,-5.1999998,140,95.2099991,13,401,144,4.7270088,9.8712215,11.2658672,11.2658672
4.293569158,95,0,0.1,10,90,0.1,0,15,0,0,23,-5.3000002,140,56.7599983,71,382,144,4.7270088,9.8712215,11.2742634,11.2742634
,95,0,1,12,60,0.1,1,20,0,0,2,-5.6999998,141,56.7599983,71,387,144,4.4813042,9.6696873,11.2481365,11.2481365
3.074444444,95,0,5,20,75,0.1,2,5,0,0,20,-5.6999998,141,56.7599983,71,387,144,4.4813042,9.6696873,11.247139,11.247139
4.910078437,95,0,4,25,70,10,0.1,10,0,0,41,-5.5999999,140,56.7599983,71,388,144,4.474843,9.6764297,11.2655916,11.2655916
4.538265149,95,0,2,67,75,20,0.1,15,0,0,45,-5.5999999,140,56.7599983,71,388,144,4.474843,9.6764297,11.2655916,11.2655916
4.3,95,0,0.1,10,80,0.1,0,20,0,0,24,-5.6999998,140,56.7599983,71,388,144,4.474843,9.6764297,11.2655916,11.2655916
3.351789193,95,0,0.1,45,80,0.1,0.1,20,0,0.1,17,-5.6999998,141,56.7599983,71,387,144,4.4813042,9.6696873,11.247139,11.247139
2.1,95,0,2,10,60,0.1,0,25,0,0,16,-5.3000002,141,56.7599983,71,389,144,4.474843,9.6764297,11.2703857,11.2703857
3.841362658,95,0,1,15,95,2,0.1,2,0,0,32,-5.3000002,141,56.7599983,71,388,144,4.474843,9.6764297,11.267952,11.267952
3.815924331,95,0,15,20,90,1,0,20,0,0,36,-5.3000002,141,56.7599983,71,389,144,4.474843,9.6764297,11.2539854,11.2539854
4.696633087,95,0,3,30,45,3,0.1,10,0,0,19,-5.3000002,141,56.7599983,71,389,144,4.474843,9.6764297,11.2703857,11.2703857
5.169563211,95,0,3,12,80,2,0,5,0,0,42,-5.5,139,56.7599983,71,389,144,4.7270088,9.8712215,11.251915,11.251915
4.403681944,95,0,4,10,25,25,0.1,20,0,0,55,-5.5,139,56.7599983,71,389,144,4.7270088,9.8712215,11.251915,11.251915
3.697848739,95,0,1,16,50,0.1,0,15,0,0.1,10,-5.6999998,141,56.7599983,71,387,144,4.4813042,9.6696873,11.247139,11.247139
4.670923946,95,0,4,15,90,0.1,0,25,0,0,25,-5.4000001,140,56.7599983,71,381,144,4.7270088,9.8712215,11.2742634,11.2742634
3.672483338,95,0,0,10,70,0.1,0,5,0,0,35,-5.5,140,56.7599983,71,383,144,4.7270088,9.8712215,11.2742634,11.2742634
3.566893264,95,0,0,15,30,0.1,0,5,0,0.1,32,-5.5,140,56.7599983,71,383,144,4.7270088,9.8712215,11.2742634,11.2742634
4.787345432,95,0,10,20,70,2,0,15,0,1,38,-5.3000002,141,56.7599983,71,366,144,4.7270088,9.8712215,11.2907629,11.2907629
4.949563596,95,0,0.1,15,70,2,0,5,0,0,35,-5.4000001,140,56.7599983,71,381,144,4.7270088,9.8712215,11.2742634,11.2742634
3.979796986,95,0,0.1,25,80,1,0,5,0,0.1,25,-5.3000002,141,88.0999985,30,360,144,4.7270088,9.8712215,11.3044577,11.3044577
3.776690249,95,0,5,25,80,1,0,15,0,0.1,26,-5.3000002,140,56.7599983,71,382,144,4.7270088,9.8712215,11.2742634,11.2742634
,95,0,0.1,30,80,0.1,0,15,0,1,1,-5.3000002,141,88.0999985,30,390,144,4.474843,9.6764297,11.2690268,11.2690268
5.364123859,95,0,0.1,15,80,0.1,0,0.1,0,0,18,-5.3000002,141,88.0999985,30,390,144,4.474843,9.6764297,11.2690268,11.2690268
4.64545909,95,0,0.1,25,50,3,0,0,0,0.1,26,-5.4000001,141,88.0999985,30,392,144,4.474843,9.6764297,11.2690268,11.2690268
3.714098739,95,0,15,15,55,2,0,10,0,0,39,-5.5999999,141,88.0999985,30,393,144,4.474843,9.6764297,11.2519178,11.2519178
4.247407336,95,0,10,15,20,0.1,0,20,0,0,35,-5.5999999,141,88.0999985,30,393,144,4.474843,9.6764297,11.2519178,11.2519178
4.69,95,0,0.1,15,80,1,0,0.1,0,0.1,28,-5.4000001,141,88.0999985,30,391,144,4.474843,9.6764297,11.2680254,11.2680254
4.052456167,95,0,5,30,65,1,2,15,0,0,38,-5.4000001,141,88.0999985,30,394,144,4.474843,9.6764297,11.2529964,11.2529964
3.393865734,95,0,0.1,35,60,0.1,0,0,0,0.1,13,-5.3000002,141,88.0999985,30,390,144,4.474843,9.6764297,11.2690268,11.2690268
5.993726033,0,0,4,10,70,35,0,10,0,0,36,-4.9000001,144,68.6500015,96,292,144,5.0513721,10.832077,11.7296124,11.7296124
7.345103045,0,0,5,20,60,35,0,0,0,0,37,-4.9000001,144,68.6500015,96,292,144,5.0513721,10.832077,11.7296124,11.7296124
6.425569056,0,0,1,10,50,5,0.1,5,0,0,30,-4.9000001,144,68.6500015,96,292,144,5.0513721,10.832077,11.7296124,11.7296124
4.574061827,95,0,3,40,75,25,0,15,0,0,41,-4.8000002,145,88.0999985,30,400,144,4.6765218,10.0215645,11.4637156,11.4637156
6.597725315,95,0,5,80,60,10,0,15,0,0.1,13,-4.8000002,145,88.0999985,30,411,144,4.798758,10.2183113,11.5283871,11.5283871
5.59944171,95,0,4,31,75,2,0,15,0,0,15,-4.8000002,145,88.0999985,30,411,144,4.798758,10.2183113,11.5283871,11.5283871
5.496696401,95,0,5,50,90,4,0,15,0,0,24,-4.5999999,146,88.0999985,30,409,144,4.798758,10.2183113,11.5453033,11.5453033
7.546687173,0,0,11,40,2.5,3.5,0.01,2,0,0.01,22,-4.4000001,148,63.2000008,78,365,49,5.2495174,10.3323374,12.0482168,12.0482168
9.038858044,0,0,4,45,11,21,1,3,0,0.01,16,-4.3000002,151,70.1999969,88,391,47,5.1735573,9.860693,12.0703049,12.0703049
7.921701956,0,0,4,40,15,23,5,5,0,3,28,-4.5,147,90.9199982,29,587,32,5.1716533,9.8284149,12.1513252,12.1513252
7.210815134,0,0,11,32,10,8,0,3.5,0,0,24,-4.5,149,70.1999969,88,372,32,5.2248487,10.0652914,12.0634594,12.0634594
7.44508382,0,0,15,20,9,10,1,2,0,0.01,31,-4.3000002,146,54.9399986,87,424,32,5.0352731,9.8115406,11.9503708,11.9503708
7.332857582,0,0,0,58,13,3,1.5,4,0,1.5,15,-4.4000001,150,70.1999969,88,386,13,5.2062507,10.0910854,12.1583652,12.1583652
3.8,0,0,17,50,10,4,7,13,0,0,10,-4.5,148,90.9199982,29,461,4,5.2062507,10.0910854,12.138093,12.138093
4.176245258,95,0,0.1,50,25,1,0,4,0,30,24,-5.5,141,68.6500015,96,389,144,4.7509246,9.9348917,11.4296188,11.4296188
4.661634882,95,0,0.1,85,15,0.1,0,3,0,15,26,-5.3000002,144,56.7599983,71,418,144,4.6765218,10.0215645,11.4438324,11.4438324
5.232490516,0,0,1,8,4,30,0,0.1,50,0,42,-4.5,150,99,5,546,144,4.2269101,8.5431166,11.6164532,11.6164532
4.644835435,95,0,11,60,10,0.1,0,70,0.1,0,43,-6,144,99,5,464,144,4.1893039,8.6949749,11.6131096,11.6131096
3.739466318,95,0,15,20,20,1,0.1,25,5,0,67,-7.1999998,133,99,5,486,144,4.0077872,8.6326733,11.4543476,11.4543476
3.51,0,0.1,3,3,5,0.1,0.1,30,20,0,44,-3.8,153,96.7099991,13,531,144,4.2269101,8.5431166,11.5959387,11.5959387
3.75,95,0,20,1,15,5,0.1,10,10,0,27,-7.9000001,129,95.2099991,13,484,144,3.9608834,8.5701628,11.3719902,11.3719902
4.857823747,0,0,2,4,8,30,0,1,20,0,54,-5.1999998,147,99,5,502,144,4.5252728,9.0254688,11.6621885,11.6621885
4.119821593,95,0.1,5,4,15,20,0.1,10,15,0,41,-6.6999998,140,99,5,442,144,4.289835,9.081459,11.6877003,11.6877003
6.041525684,95,5,0.1,0.1,1,75,0.1,25,5,0,33,-5.9000001,145,97.9000015,12,398,144,4.4500065,9.2828465,11.5990019,11.5990019
5.092980621,95,10,0.1,0.1,5,75,0.1,15,5,0,46,-4.9000001,150,97.9000015,12,414,144,4.1893039,8.6949749,11.6415157,11.6415157
4.982799139,0,40,0.1,0.1,40,10,0,75,0.1,0,69,-4.5999999,151,99,5,435,144,4.5252728,9.0254688,11.7793312,11.7793312
2.132565991,95,0,1,3,0.1,2,0.1,0.1,80,0,28,-4.5999999,145,68.6500015,96,371,144,4.798758,10.2183113,11.5341434,11.5341434
3.665213964,95,0,7,12,2,5,2,1,40,0,16,-4.5999999,144,95.2099991,13,385,144,4.8704619,10.1114035,11.4609203,11.4609203
2.505,0,0,0.1,0.1,0.1,0.1,0.1,0.1,90,0,17,-4.6999998,148,96.7099991,13,522,144,4.2269101,8.5431166,11.6134663,11.6134663
4.699723675,0,0,25,0.1,8,8,0.1,0.1,20,0,50,-5.1999998,145,99,5,566,144,4.248755,8.6816959,11.6306019,11.6306019
5.748362793,95,0,0.1,1,10,25,0,5,8,0,70,-7.4000001,137,64.8199997,98,434,144,4.2797322,9.01581,11.519928,11.519928
3.986367272,95,0,30,25,10,1,0.5,5,1,3,58,-8,134,76.8499985,35,474,144,3.62848,7.3044114,11.2479877,11.2479877
2.95,0,0,5,1,55,5,0,1,0,0,57,-7.5999999,129,76.8499985,35,506,144,3.3626261,7.0283017,11.1051073,11.1051073
4.530925869,0,0,0.5,40,30,0.5,1,3,0,0,35,-7.5,128,76.8499985,35,511,144,3.3626261,7.0283017,11.0991163,11.0991163
4.323278991,0,0,0.5,30,20,0.5,0.5,5,0.5,0.5,50,-5.9000001,140,89.6200027,23,548,144,3.8615565,7.549263,11.311018,11.311018
3.963278991,0,0.25,0.25,60,5,3,0,0.25,0,0,57,-6.3000002,138,88.5,10,549,144,3.8615565,7.549263,11.3267097,11.3267097
7.132774531,95,15,1,65,55,3,0,0,0,0.5,36,-4,159,66.8499985,57,406,144,4.9567685,9.2260666,11.8750257,11.8750257
4.398915718,0,0,0.5,40,25,0.5,0.5,1,0,0.5,34,-3.5999999,156,84.5,33,508,144,4.5230403,8.4279118,11.5020714,11.5020714
4.064798524,0,1,0.25,65,1,3,0,0.25,0,0,48,-6.5,138,88.5,10,540,144,3.8615565,7.549263,11.3113813,11.3113813
3.026759459,95,0,3,20,30,3,1,0.5,0.5,0,36,-3.8,159,66.8499985,57,407,144,4.9567685,9.2260666,11.8906441,11.8906441
4.083632728,95,0,1,10,70,10,0.1,20,0.1,0.1,47,-5.0999999,143,88.0999985,30,418,144,4.474843,9.6764297,11.2912703,11.2912703
3.65,95,0,0.1,8,70,2,0,1,0,0,42,-5.0999999,144,56.7599983,71,415,144,4.6765218,10.0215645,11.4337215,11.4337215
3.448197478,95,0,5,25,15,1,1,8,0.1,0,32,-5.5,142,88.0999985,30,420,144,4.474843,9.6764297,11.27036,11.27036
2.233333333,95,0.5,0.5,0.5,0.5,0.5,0,0.5,65,0,64,-4.9000001,147,97.4000015,4,523,144,4.9567685,9.2260666,11.8567591,11.8567591
2.9,0,0,0.5,0,0.5,0.5,1,0,80,0,40,-6.5999999,121,96,4,566,144,3.6934388,7.5542359,11.3846245,11.3846245
2.738880345,95,0.5,0.5,0.25,0.25,0.25,0,0.25,85,0,50,-3.5999999,155,97.4000015,4,480,144,4.9567685,9.2260666,11.8397112,11.8397112
3.8,95,0,0.5,0,0.5,0.5,0,0,99,0,17,-7.1999998,113,101,0,594,144,3.6934388,7.5542359,11.3661594,11.3661594
2.35,0,0,25,0.5,0.5,0.5,1,0.5,50,0,21,-6,144,96,4,460,144,4.1827068,8.3231344,11.3999834,11.3999834
,95,0,0.25,0,0.25,0.25,0,0,99,0,14,-7.1999998,113,101,0,594,144,3.6934388,7.5542359,11.3661594,11.3661594
2.68688096,95,0,0.5,0.25,60,0.5,0,0.25,90,0,54,-5.1999998,137,97.4000015,4,566,144,4.9567685,9.2260666,11.8552523,11.8552523
3.1275,95,0,5,3,35,18,15,5,10,0,38,-9.6999998,125,92,3,470,144,3.725369,7.5424066,11.357461,11.357461
4.0425,95,0,2,50,60,10,2,30,0.1,10,35,-9.8000002,123,92,3,472,144,3.725369,7.5424066,11.3599358,11.3599358
1.8,0,0,30,60,70,0.1,2,45,0,0,5,-7.1999998,140,56.7599983,71,447,144,3.7906234,7.6672983,11.4005518,11.4005518
3.89875,0,0,5,15,55,35,4,10,0.1,0,45,-9.8000002,125,92,3,431,144,3.8537276,8.232996,11.2817984,11.2817984
3.255,0,0,0.1,75,35,1.5,3,25,0.1,0,21,-10.1000004,120,91.7600021,28,441,144,3.7934587,7.7333689,11.3539724,11.3539724
3.84,0,0,2,65,45,3,3,30,0,0,34,-9.5,126,92,3,463,144,3.8490553,7.7738686,11.4353809,11.4353809
4.02,0,0,0.1,45,50,1,8,30,0,0,39,-8.3000002,134,56.7599983,71,407,144,4.1313043,8.6329546,11.4659443,11.4659443
4.61625,0,0,10,90,30,1,0.1,40,0,3,24,-8.5,134,56.7599983,71,416,144,4.0132551,8.3678637,11.4101667,11.4101667
4.895,0,0,0.1,70,50,1,0.1,35,0,0,34,-8.3000002,134,92,3,413,144,4.1313043,8.6329546,11.4862022,11.4862022
3.406666667,0,0,3,2,0.1,0.1,10,0.1,85,0,38,-8.1000004,127,92,3,497,144,4.0676908,8.2204199,11.4349842,11.4349842
3.54,0,0,25,3,35,10,10,20,50,0,38,-9.3999996,118,97.5500031,5,502,144,3.6687315,7.9570756,11.0987358,11.0987358
3.91,0,0,10,8,15,18,2,15,50,0,48,-9.6999998,127,92,3,465,144,4.0272989,8.5066748,11.2936287,11.2936287
5.693333333,0,0,0,70,30,2,5,30,0,0,20,-8,136,56.7599983,71,421,144,4.2120709,8.565691,11.5356169,11.5356169
4.83,0,0,0,70,50,4,1,45,0,0.1,31,-7.5999999,138,56.7599983,71,402,144,4.2211504,8.7766056,11.5193462,11.5193462
3.753333333,0,0,50,45,35,10,5,20,2,0.1,28,-8.6000004,133,56.7599983,71,446,144,4.113349,8.3220263,11.5081434,11.5081434
5.829357121,95,45,3,3,10,1,0,0.5,0.5,0,54,-3.5999999,160,74.5,53,453,144,4.6721334,8.7996798,11.8256235,11.8256235
8.121131959,95,55,1,5,30,10,0.5,0.5,0,0,35,-4.1999998,158,74.5,53,440,144,4.6721334,8.7996798,11.8255606,11.8255606
5.900235825,95,30,0.5,0.5,60,0.5,0,0.25,0,0,37,-3.3,161,97.4000015,4,469,144,4.8117809,9.0751352,11.8291702,11.8291702
5.635430124,0,35,3,10,0.5,1,0,0.25,0.25,0,46,-4.5,158,84.5,33,396,144,4.5171919,8.4353561,11.6084757,11.6084757
5.400599815,0,45,5,0.5,20,0.5,0,3,0,0,42,-4.4000001,158,84.5,33,424,144,4.549396,8.5185108,11.5704842,11.5704842
7.68755383,0,35,5,3,1,3,0,0,0.25,0,39,-4.3000002,158,84.5,33,448,144,4.5171919,8.4353561,11.6113386,11.6113386
10.35183021,0,25,1,0.5,75,30,0,0.25,0.25,0,40,-4.4000001,158,84.5,33,408,144,4.549396,8.5185108,11.6054506,11.6054506
6.902003999,95,25,20,1,60,10,0,0.5,0,0,40,-5.9000001,144,96,4,444,144,4.1827068,8.3231344,11.4167786,11.4167786
6.924650877,0,35,5,0.5,1,15,0,0.5,0.5,1,41,-3.7,161,84.5,33,425,144,4.549396,8.5185108,11.6645479,11.6645479
1.375,0,10,55,5,40,0.5,1,0.5,0.5,0,26,-4.4000001,159,84.5,33,396,13,4.549396,8.5185108,11.6180573,11.6180573
4.51,0,0,12,25,50,3,2,25,0,3,23,-8.6999998,130,56.7599983,71,404,144,4.0559335,8.9325809,11.1730871,11.1730871
6.081666667,0,40,15,30,50,5,0.1,50,0,0,29,-6.5999999,142,91.9499969,20,372,144,4.0520387,8.9001503,11.2950363,11.2950363
3.98875,0,32,15,8,75,5,2,10,0,0,30,-5.5,145,91.9499969,20,372,144,4.5675945,9.9373932,11.3736076,11.3736076
5.695,0,27,0.1,20,65,5,3,15,0,0,32,-5.5999999,145,56.7599983,71,363,144,4.522162,9.8347416,11.277462,11.277462
6.45,0,45,45,5,75,0.1,0.1,35,0,0,30,-5.6999998,145,91.9499969,20,364,144,4.522162,9.8347416,11.3183098,11.3183098
4.353333333,0,0,1,35,80,1,0.1,15,0,1,17,-8,135,56.7599983,71,393,144,4.0559335,8.9325809,11.2498732,11.2498732
5.653333333,0,0,0.1,60,70,0.1,0.1,25,0,0,17,-7.1999998,139,56.7599983,71,372,144,4.1513357,9.0296144,11.2970438,11.2970438
5.33,0,0,0.1,75,70,3,1,45,0,0,25,-8.5,132,64.8199997,98,393,144,4.2307787,9.1117735,11.3448963,11.3448963
6.455,0,0,15,70,60,5,0.1,40,0,0,28,-8.6999998,131,56.7599983,71,397,144,4.2307787,9.1117735,11.3376198,11.3376198
6.626666667,0,0,0,82,65,1,2.5,40,0,1,29,-8,134,56.7599983,71,375,144,3.9688914,8.7128096,11.3225803,11.3225803
2.91,0,0,4,0.1,3,5,5,0.1,75,0,23,-9.8000002,126,96.7099991,13,471,144,3.6776648,8.2715101,11.040575,11.040575
2.78,0,0,35,60,5,3,10,50,0,0,18,-6.0999999,137,97.5500031,5,448,144,4.522162,9.8347416,11.2012901,11.2012901
4.7,0,0,0.1,55,40,4,1,0,0,0,17,-5.5,145,56.7599983,71,367,144,4.522162,9.8347416,11.3530769,11.3530769
5.666272942,95,25,2,2,40,0.1,0.1,20,0.1,0,46,-5.3000002,148,97.9000015,12,409,144,4.5705986,9.3374434,11.7347231,11.7347231
2.5375,0,0,15,2,2,40,2,1,1,0,41,-9.1999998,129,56.7599983,71,448,144,3.735158,8.3428497,11.0567045,11.0567045
2.9575,0,0,20,5,20,5,0.01,1,40,7,26,-9.1999998,130,97.5500031,5,468,144,3.735158,8.3428497,11.0427837,11.0427837
3.659166667,0,0,35,5,5,25,0.01,1,0,0,33,-9.5,128,56.7599983,71,458,144,3.735158,8.3428497,11.0262146,11.0262146
2.6625,0,0,45,2,5,15,2,1,15,0,52,-10.1999998,119,97.5500031,5,455,144,3.735158,8.3428497,11.0567045,11.0567045
2.075,0,0,40,0.01,5,15,3,3,10,0,30,-9.5,128,56.7599983,71,458,144,3.735158,8.3428497,11.0262146,11.0262146
2.075,0,0,2,0.01,0.01,0.01,0.01,0,98,0,14,-10.3999996,122,96.7099991,13,490,144,3.735158,8.3428497,10.9943218,10.9943218
3.726666667,95,0,5,5,90,0.1,0.1,0,0,0.1,37,-5.5999999,139,56.7599983,71,364,144,4.7270088,9.8712215,11.2820816,11.2820816
4.19,95,0,1,45,65,1,0.1,2,0.1,0.1,21,-4.5,145,88.0999985,30,405,144,4.798758,10.2183113,11.5146646,11.5146646
3.772098841,95,0,2,25,45,1,0.1,2,1,0.1,42,-5.0999999,143,88.0999985,30,406,144,4.574441,9.8282766,11.3283453,11.3283453
4.681666667,95,0,3,45,70,1.5,2,40,1,0,33,-8.3999996,131,64.8199997,98,462,144,4.1046228,8.7251329,11.4052868,11.4052868
3.52,0,0,50,30,35,3,2,25,0,0.1,22,-7,139,64.8199997,98,452,144,4.0301991,8.4186907,11.5140877,11.5140877
3.059166667,0,0,2,70,65,0.1,0.1,35,0,0,22,-8.5,132,56.7599983,71,423,34,4.1833382,8.7502613,11.4154921,11.4154921
5.54,0,0,0.1,50,70,1,1,25,0,0.1,22,-4.8000002,148,64.8199997,98,489,144,4.2269101,8.5431166,11.578167,11.578167
4.043333333,0,0,1,60,72,0.1,2,35,0,0,35,-8.1000004,131,64.8199997,98,448,144,4.0751677,8.7179928,11.3828678,11.3828678
3.4,0,0,4,65,70,8,1,25,0,0,39,-8.6999998,131,64.8199997,98,431,144,4.1046228,8.7251329,11.3854847,11.3854847
3.47,0,0,25,20,80,30,10,20,10,0,40,-9,128,64.8199997,98,446,144,4.0751677,8.7179928,11.3891544,11.3891544
3.9,0,0,10,40,8,7,10,4,3,0,15,-6.6999998,141,96.7099991,13,470,144,4.0657315,8.181735,11.5272264,11.5272264
4.615,0,0,0.1,60,40,2,1,20,0,0,23,-7.3000002,139,56.7599983,71,433,144,4.3180165,8.7917347,11.5770502,11.5770502
3.42,95,0,5,20,55,8,20,2,45,0,28,-7.3000002,132,64.8199997,98,542,144,3.9852779,8.3585415,11.3795633,11.3795633
3.42,0,0,10,5,40,25,10,5,30,0,23,-7,140,64.8199997,98,506,144,3.8012245,7.661099,11.3814192,11.3814192
5.43,0,0,2,3,1,15,1,0.1,80,0,17,-4.9000001,145,96.7099991,13,544,144,3.7835028,7.7061858,11.4263935,11.4263935
4.393333333,0,0,1,0.1,0.1,10,2,0.1,90,0,20,-6.3000002,137,96.7099991,13,565,144,3.7835028,7.7061858,11.3941078,11.3941078
3.393333333,0,0,50,20,25,2,5,30,0,0,17,-7.4000001,139,56.7599983,71,428,144,4.2120709,8.565691,11.5587158,11.5587158
3.73,0,0,10,35,15,25,10,35,0.1,0,15,-7.3000002,140,56.7599983,71,435,144,4.1312475,8.3345528,11.574625,11.574625
3.386666667,0,0,45,20,25,1,10,35,0,0.1,17,-7.4000001,139,56.7599983,71,430,144,4.113349,8.3220263,11.5585756,11.5585756
4.55,0,0,1,60,60,2,0.1,25,0,0,23,-7.0999999,140,56.7599983,71,436,144,4.3180165,8.7917347,11.5793972,11.5793972
3.2,95,0,0.1,0.1,1,2,20,0.1,85,0,16,-8.3999996,133,95.2099991,13,482,144,3.9496403,8.3588667,11.3604946,11.3604946
3.08,0,0,15,20,6,3,3,2,15,0.1,14,-6,135,96.7099991,13,524,144,4.1998811,9.1995668,11.2935677,11.2935677
4.44,0,0,0.1,0,4,5,10,0,88,0,25,-8,111,97.5500031,5,527,144,3.7456064,8.3061314,11.0739508,11.0739508
5.317088588,95,0,0.1,0.1,4,30,0.1,0.1,95,0,56,-6.4000001,124,97.5500031,5,593,144,3.9852779,8.3585415,11.3461838,11.3461838
5.796868656,0,0,0.1,1,1,35,0.1,0.1,90,0,44,-5.0999999,141,99,5,592,144,4.2269101,8.5431166,11.5990696,11.5990696
4.15,0,0,0.1,10,0.1,15,2,0.1,62,0,12,-5.3000002,144,99,5,547,144,4.248755,8.6816959,11.6156349,11.6156349
3.85,95,0,0.1,0,0.1,0.1,0.1,0.1,90,0,9,-8.3000002,132,95.2099991,13,481,144,4.1046228,8.7251329,11.3993273,11.3993273
2.433333333,95,0,1,5,0.1,1,2,0.1,83,0,13,-7.9000001,134,95.2099991,13,456,144,3.9852779,8.3585415,11.4660902,11.4660902
4.273333333,95,0,0.1,0.1,3,0.1,0.1,0.1,90,0,38,-7.8000002,130,95.2099991,13,467,144,3.9608834,8.5701628,11.3684149,11.3684149
4.233333333,0,0,3,60,70,1,0.1,50,0,3,24,-5.4000001,145,64.8199997,98,383,144,4.1998162,9.191906,11.3371286,11.3371286
5.446666667,95,40,55,15,70,2,0.1,40,0,0,38,-4.5,145,96.7099991,13,439,144,4.8081274,10.4875402,11.5287352,11.5287352
4.6175,95,35,20,50,55,3,1,45,0,0,34,-4.4000001,146,88.0999985,30,439,144,4.8081274,10.4875402,11.5429564,11.5429564
4.1475,0,0,0.1,60,65,0.1,2,40,0,0.1,25,-5.6999998,144,64.8199997,98,401,144,4.1998162,9.191906,11.3222542,11.3222542
3.52,0,3,40,35,10,3,0.1,45,0,0,21,-5.0999999,143,68.6500015,96,370,144,4.8209047,10.4074469,11.6682415,11.6682415
3.731666667,95,0,5,70,30,1,0.1,40,0,0.1,15,-5,146,64.8199997,98,423,28,4.7983851,10.38307,11.4924765,11.4924765
3.1375,0,0,15,5,70,20,5,4,0.1,0,36,-6.8000002,137,95.2099991,13,436,144,3.9227092,8.6832104,11.3337536,11.3337536
5.313333333,0,0.1,2,60,45,2,0.1,40,0,0,34,-5.5999999,142,64.8199997,98,447,144,4.4432783,9.7270031,11.4282303,11.4282303
2.94,0,0,1,1,2,8,10,0.1,65,0,19,-5.5,139,96.7099991,13,474,144,4.1998811,9.1995668,11.3340216,11.3340216
4.4325,0,0,1,1,4,3,3,1,75,0,50,-5.0999999,144,97.5500031,5,446,144,4.1728053,9.16749,11.2706404,11.2706404
2.245,0,0,2,0.1,1.5,1,5,0.1,75,0,11,-5.3000002,140,96.7099991,13,522,144,4.1998811,9.1995668,11.2935677,11.2935677
2.945,0,0,20,3,10,5,2,0.1,60,0,44,-7,122,97.5500031,5,515,144,3.9227092,8.6832104,11.3254929,11.3254929
4.018333333,0,0,10,25,2,5,4,5,45,0,28,-4.5,146,96.7099991,13,479,144,4.1728053,9.16749,11.2770252,11.2770252
3.61,0,0,20,50,15,1.5,2,40,0.1,5,18,-5.1999998,145,64.8199997,98,408,144,4.7092037,10.2154083,11.4402647,11.4402647
4.073333333,95,0,45,25,2,2.5,25,10,1,0,24,-7.3000002,136,95.2099991,13,445,144,4.1523843,8.9711962,11.3776131,11.3776131
2.95,0,0,2,50,1.5,0.1,30,25,2,0,13,-8.8999996,128,95.2099991,13,422,144,4.2477274,9.1202183,11.395751,11.395751
3.15,95,0,5,90,25,0.1,5,50,0,1.75,6,-5.3000002,144,64.8199997,98,422,144,4.6375523,10.1623993,11.5476151,11.5476151
4.63,0,0,35,1,3,2,0.1,0.1,60,0,46,-7.6999998,122,97.5500031,5,532,144,3.9227092,8.6832104,11.1885719,11.1885719
,95,0,0.1,15,10,0.1,4,50,0,0.1,2,-5.4000001,141,56.7599983,71,378,144,4.7270088,9.8712215,11.3057356,11.3057356
3.915,95,0,1,20,45,0.1,0,5,0,2,22,-5.4000001,141,56.7599983,71,378,144,4.7270088,9.8712215,11.3057356,11.3057356
4.173333333,95,0,5,75,80,1,0,10,0,5,20,-5.4000001,140,56.7599983,71,371,144,4.7270088,9.8712215,11.3075371,11.3075371
3.713333333,95,0,0.1,70,40,1,0,20,0,1,24,-5.4000001,140,56.7599983,71,371,144,4.7270088,9.8712215,11.3075371,11.3075371
4.11571619,95,0,2,50,45,2,0,10,0,0,46,-5.4000001,141,88.0999985,30,363,144,4.7270088,9.8712215,11.2907629,11.2907629
5.508092894,95,0,1,60,20,20,0,15,0,0,33,-5.4000001,140,56.7599983,71,378,144,4.7270088,9.8712215,11.3057356,11.3057356
4.924037219,95,0,0.1,55,40,3,0,3,0,0,25,-5.3000002,141,88.0999985,30,360,144,4.7270088,9.8712215,11.3044577,11.3044577
3.51,95,0,0.1,60,50,0.1,0.1,25,0,0.1,5,-5.4000001,141,56.7599983,71,378,144,4.7270088,9.8712215,11.3057356,11.3057356
,95,0,1,50,60,0.1,0.1,3,0,1,2,-5.8000002,142,56.7599983,71,386,144,4.4813042,9.6696873,11.247139,11.247139
2.79209474,95,0,5,60,50,0.1,1,5,0,0.1,8,-5.8000002,142,56.7599983,71,386,144,4.4813042,9.6696873,11.247139,11.247139
5.21364452,95,0,4,55,40,2,1,10,0,0,45,-5.6999998,142,56.7599983,71,387,144,4.4813042,9.6696873,11.2460604,11.2460604
5.002688404,95,0,2,65,50,1,0,5,0,0.1,32,-5.8000002,141,56.7599983,71,386,19,4.4813042,9.6696873,11.2460604,11.2460604
4.531144263,95,0,3,5,40,0.1,0,10,0,0,24,-5.6999998,141,56.7599983,71,387,144,4.4813042,9.6696873,11.2460604,11.2460604
4.119858505,95,0,5,50,40,0.1,10,20,0,1,30,-6,139,56.7599983,71,385,144,4.4813042,9.6696873,11.2454195,11.2454195
3.744435558,95,0,3,50,60,0.1,0,15,0,0,33,-6,139,56.7599983,71,385,144,4.4813042,9.6696873,11.2454195,11.2454195
1.2,95,0,0.1,40,75,0.1,1,10,0,0,7,-5.8000002,142,56.7599983,71,386,144,4.4813042,9.6696873,11.247139,11.247139
3.4,95,0,0.1,85,20,0.1,0,1,0,1,3,-5.3000002,141,56.7599983,71,390,144,4.474843,9.6764297,11.267952,11.267952
4.674380191,95,0,0.1,70,60,3,0,20,0,0.1,22,-5.3000002,141,56.7599983,71,390,144,4.474843,9.6764297,11.267952,11.267952
4.909518097,95,0,0.1,50,60,0.1,0.1,0.1,0,0.1,25,-5.4000001,141,88.0999985,30,391,144,4.474843,9.6764297,11.2690268,11.2690268
4.567015277,95,0,0.1,50,50,1,0.1,0.1,0,0.1,33,-5.4000001,141,88.0999985,30,391,144,4.474843,9.6764297,11.2690268,11.2690268
5.600712821,95,0,0.1,50,60,1,0.1,4,0,3,38,-5.3000002,141,88.0999985,30,396,144,4.474843,9.6764297,11.2700291,11.2700291
5.006193735,95,0,0.1,80,85,2,0.1,5,0,0.1,30,-5.3000002,141,56.7599983,71,390,144,4.474843,9.6764297,11.2690268,11.2690268
5.322590741,95,0,1,75,20,7,0,5,0,2,42,-5.3000002,141,88.0999985,30,400,144,4.474843,9.6764297,11.2724638,11.2724638
3.961304214,95,0,0.1,75,35,1,0,5,0,0.1,18,-5.3000002,141,56.7599983,71,390,144,4.474843,9.6764297,11.267952,11.267952
5.34494412,95,0,0.1,85,75,0.1,0,15,0,2,11,-5.8000002,141,56.7599983,71,387,144,4.4813042,9.6696873,11.2467861,11.2467861
4.6621255,95,0,1,80,30,15,0,15,0,0.1,27,-5.8000002,141,56.7599983,71,388,144,4.4813042,9.6696873,11.2467861,11.2467861
4.339576284,95,0,0.1,65,40,25,0,15,0,0,29,-5.8000002,141,56.7599983,71,388,144,4.4813042,9.6696873,11.2467861,11.2467861
4.679809289,95,0,0.1,50,50,1,1,5,0,0.1,41,-5.9000001,141,88.0999985,30,394,144,4.4813042,9.6696873,11.2317781,11.2317781
4.454772378,95,0,1,45,90,1,0,15,0,0.1,25,-5.8000002,141,56.7599983,71,387,144,4.4813042,9.6696873,11.2467861,11.2467861
4.157137804,95,0,0.1,45,25,2,0,5,0,0,38,-5.9000001,141,88.0999985,30,399,144,4.4813042,9.6696873,11.2342043,11.2342043
2.7,95,0,0.1,90,50,0.1,0,10,0,0,5,-5.8000002,141,56.7599983,71,387,144,4.4813042,9.6696873,11.2467861,11.2467861
,95,0,1,58,50,0.1,0,15,0,0.1,8,-5.3000002,141,56.7599983,71,389,144,4.474843,9.6764297,11.267952,11.267952
4.24058136,95,0,0.1,85,70,3,0,10,0,0,19,-5.3000002,141,56.7599983,71,388,144,4.474843,9.6764297,11.267952,11.267952
5.702799139,95,0,0.1,65,55,3,0,10,0,0.1,22,-5.3000002,141,56.7599983,71,388,144,4.474843,9.6764297,11.267952,11.267952
5.574600123,95,0,1,60,50,2,0,10,0,1,25,-5.4000001,141,56.7599983,71,390,144,4.474843,9.6764297,11.2515554,11.2515554
3.273841895,95,0,0.1,80,50,1,0.1,5,0,1,23,-5.3000002,141,56.7599983,71,389,144,4.474843,9.6764297,11.267952,11.267952
5.377621245,95,0,0.1,70,40,2,0,5,0,3,29,-5.5,140,56.7599983,71,390,144,4.474843,9.6764297,11.2515554,11.2515554
,95,0,1,50,50,0.1,2,10,0,2,3,-5.3000002,141,56.7599983,71,389,144,4.474843,9.6764297,11.267952,11.267952
2.6,95,0,0.1,25,60,0.1,0,5,0,0,21,-5.0999999,144,88.0999985,30,397,144,4.6765218,10.0215645,11.4573174,11.4573174
2.14,95,0,0.1,25,50,0.1,0,0,0,0,10,-5.4000001,140,56.7599983,71,381,144,4.7270088,9.8712215,11.2742634,11.2742634
3.04,95,0,1,20,80,1,0,0.1,0,2,14,-5.4000001,140,88.0999985,30,381,144,4.7270088,9.8712215,11.2742634,11.2742634
3.84,95,0,1,25,75,2,0,2,0,0.5,40,-5.3000002,140,95.2099991,13,382,144,4.7270088,9.8712215,11.2910347,11.2910347
3.095,95,0,0.1,15,20,0.1,0,10,0,0,43,-5.5,140,88.0999985,30,366,144,4.7270088,9.8712215,11.3253307,11.3253307
2.96,95,0,0.1,25,80,0.1,0,0,0,0,11,-5.4000001,139,88.0999985,30,381,144,4.7270088,9.8712215,11.2910347,11.2910347
4,95,0,0.1,37,35,0.1,0,5,0,0.1,31,-5.5999999,139,88.0999985,30,366,144,4.7270088,9.8712215,11.3263416,11.3263416
5.5,95,0,2,50,25,0.1,0,5,0,1,23,-5.5999999,139,88.0999985,30,366,144,4.7270088,9.8712215,11.3263416,11.3263416
4.336666667,95,0,1,20,70,2,0,0,0,0,17,-5.4000001,140,88.0999985,30,381,144,4.7270088,9.8712215,11.2742634,11.2742634
5.629355583,95,0,5,1,10,35,0.1,1,70,0,49,-7.0999999,139,99,5,488,144,4.1893039,8.6949749,11.4994078,11.4994078
4.214478622,95,0,0.1,1,25,50,0,1,80,0,63,-6.9000001,132,99,5,534,144,4.0077872,8.6326733,11.4543476,11.4543476
3.959271772,95,0,1,1,5,2,0,0.1,80,0,17,-7.9000001,133,95.2099991,13,460,144,3.9852779,8.3585415,11.45298,11.45298
5.146666667,95,0,3,0.1,20,15,0,3,65,0,58,-8.3999996,133,95.2099991,13,456,144,3.9608834,8.5701628,11.3684149,11.3684149
4.928290782,95,0,1,75,25,1,0,5,0,0,28,-5,144,88.0999985,30,392,144,4.798758,10.2183113,11.5136318,11.5136318
5.371316518,95,0,1,55,65,2,0,15,0,4,34,-4.9000001,145,88.0999985,30,400,144,4.798758,10.2183113,11.4981737,11.4981737
5.381673331,95,0,0.1,70,30,1,0,15,0,5,35,-5,144,88.0999985,30,392,144,4.798758,10.2183113,11.5136318,11.5136318
6.063951092,95,0,0.1,65,80,5,0,5,0,1,30,-5,144,88.0999985,30,407,144,4.798758,10.2183113,11.5258503,11.5258503
5.040967395,95,0,4,50,80,5,0,5,0,0,23,-4.9000001,144,88.0999985,30,402,144,4.798758,10.2183113,11.5453033,11.5453033
5.515525992,95,0,0.1,35,65,4,0,10,0,0,39,-5,144,88.0999985,30,407,144,4.798758,10.2183113,11.5258503,11.5258503
5.385899723,0,0,1,25,20,8,0,15,0.1,0,33,-5,149,99,5,483,144,4.5252728,9.0254688,11.6621885,11.6621885
5.668963396,95,0.1,2,40,15,2,0.1,10,0,0.1,30,-4.3000002,154,63.4000015,60,378,144,4.5705986,9.3374434,11.8106585,11.8106585
5.128645032,0,0,0.1,60,60,0.1,0,3,0,0.1,44,-4.1999998,154,56.7599983,71,413,144,4.6268883,9.3372002,11.809763,11.809763
3.901710243,0,0,1,50,20,1,0.5,3,0.5,0.5,56,-4.9000001,141,88.5,10,581,144,3.8615565,7.549263,11.3301964,11.3301964
3.621808674,95,0,0.5,80,10,0.5,0.5,0.5,0,0.5,29,-6.6999998,140,76.8499985,35,509,144,3.62848,7.3044114,11.2173872,11.2173872
2.20625,95,0,1,20,3,1,0.5,0.5,0.5,0,48,-7.9000001,135,76.8499985,35,477,144,3.62848,7.3044114,11.2469082,11.2469082
4.895484466,0,0,0.5,60,25,0.5,1,0.5,0,0.5,42,-6.3000002,138,88.5,10,540,144,3.8615565,7.549263,11.3281136,11.3281136
3.087151646,95,0,0.5,40,25,1,0.5,0.5,0.5,0,61,-8,134,76.8499985,35,474,144,3.62848,7.3044114,11.2479877,11.2479877
4.612494617,0,0,0.5,30,50,0.5,0.5,0.5,0.5,0.5,43,-6.9000001,139,88.5,10,534,144,3.8615565,7.549263,11.2804041,11.2804041
7.606219625,0,0,0.5,70,15,3,0.5,0.5,0,0.5,32,-6.0999999,146,96,4,426,144,4.1827068,8.3231344,11.3844938,11.3844938
2.305362965,95,0,1,1,1,15,5,0.5,10,0,54,-6.6999998,141,76.8499985,35,499,144,3.62848,7.3044114,11.220294,11.220294
4.130998154,0,0,55,40,30,0.5,1,1,0,0.5,36,-5.8000002,140,89.6200027,23,553,144,3.8615565,7.549263,11.2953272,11.2953272
3.08,95,0,0.1,25,80,0.1,0.1,20,0,0.1,51,-5.5,141,88.0999985,30,398,144,4.7509246,9.9348917,11.3745785,11.3745785
